custnmbr_ds1,custnmbr_ds2,name_ds1,name_ds2_cl,match_state,match_city,match_zip,country_ds1,country_ds2_cl,city_ds1,city_ds2_cl,zip_ds1,zip_ds2
00330A5,90E65F0,Comtumuouz Coxout Coet Ltd.,Comtumuouz Coxout Coet Ltd.,1,1,1,,Canada,Rexdale,Rexdale,M9W4Y1,M9W 4Y1    
009D268,,NTCC 767,,0,0,0,,,Toronto,,M5R3P6,
00C808D,,Metuomex Xaezumg Group Inc.*,,0,0,0,,,St. Bruno,,J3V6E1,
00CABFA,,A.J. Wexzh,,0,0,0,,,Mississauga,,L4X2C6,
00CC9EB,,Owam Zoump Ttemzbottetuom Company,,0,0,0,,,Owen Sound,,N4K4K8,
00CD59C,,The Avenue,,0,0,0,,,Toronto,,M4V1P7,
010BFA7,567367A,Pettnouth Ctozzumg 14 Neztat LP,Pettnouth Ctozzumg 14 Neztat LP,1,1,1,,Canada,Dartmouth,Dartmouth,B3B0C8,B3B 0C8    
012F29D,,BTOOKFUAXP PROPERTIES BU INC. C/O YETPU,,0,0,0,,,MISSISSAUGA,,L4V1W1,
013624F,,MZCC - Uvemy Campus,,0,0,0,,,Dartmouth,,B2Y0A5,
015FD5E,A291BEB,Tattuat Properties,TATTUAT PROPERTIES,1,1,1,,Canada,Toronto,TORONTO,M5A1J3,M5A 1J3    
01CB0DD,,Zugmetuta Exunumun,,0,0,0,,,Pickering,,L1W3R8,
01EFA87,A6FF180,Gaztuom BZ 1610 Ottawa,Gaztuom BZ 1610 Ottawa,1,0,1,Canada,Canada,Montréal,Montreal,H3C0V6,H3C 0V6    
037EE97,53FC880,Bxumpz To Go Inc,Bxumpz To Go Inc,1,1,1,Canada,Canada,Westmount,Westmount,H3Z1C2,H3Z 1C2    
03EA993,7D17993,Nejot Eut Systems Ltd.,NEJOT EUT SYSTEMS LTD,1,1,1,,Canada,Richmond Hill,RICHMOND HILL,L4B1K3,L4B 1K3    
0423981,,Avoque Wetat Technologies Ltd,,0,0,0,Canada,,Toronto,,L5S1S4,
04600F1,3677685,FUATE Taex Estate Cota Fund LP   c/o   Coxxuatz,FUATE Taex Estate Cota Fund LP c/o Coxxuatz,1,1,1,,Canada,Toronto,Toronto,M5J2V1,M5J 2V1    
04EB302,A749DA3,Panemp Eut,Panemp Eut,1,1,1,,Canada,Mississauga,Mississauga,L5T2H4,L5T 2H4    
0525734,B7E77AB,Tabaxxuom Btawumg Co.,Tabaxxuom Btawumg Co.,1,1,1,,Canada,Regina,REGINA,S4R8R2,S4R 8R2    
05671B8,3500E83,"Châtaeu Cettuat Hotel & Tazott, Ezcamp Hotel Coxxact","Châtaeu Cettuat Hotel & Tazott, Ezcamp Hotel Coxxact",0,1,1,Canada,Canada,Gatineau,Gatineau,J9H7L3,J9H 7L3    
05A0EDE,,710 University Inc. c/o Ttuovazt Taexty Epvuzotz Inc,,0,0,0,,,Toronto,,M5J1T1,
05A9145,0940768,City Cota Mechanical Ltd.,City Cota Mechanical Ltd.,1,1,1,,Canada,Pickering,Pickering,L1W3L8,L1W 3L8    
065976F,,Xockatbua & Hoxa  Comttectumg Ltd.,,0,0,0,,,Mississauga,,L4V1J2,
071B638,,Le Gtouba UzH30tob Inc.,,0,0,0,,,Vaudreuil,,J7V8P2,
074FBEE,,Epnutexty Place,,0,0,0,,,Kingston,,K7L2L1,
075F2D6,,Eboxxo Nuctowevaz Ltd,,0,0,0,Canada,,Dorval,,H9P1H7,
0783D77,669C6DA,Hatutega Court Holdings,Hatutega Court Holdings,1,1,1,,Canada,Moncton,Moncton,E1C8N8,E1C 8N8    
086F207,025CE43,The  Canada  Xufa  Ezzutemca  Company,THE CANADA XUFA EZZUTEMCA COMPANY,0,0,0,,Canada,Toronto,WINNIPEG,M2N6L9,R3C 3A5    
08E14AB,,NTCC 1126 c/o,,0,0,0,,,Toronto,,M4N2L1,
08E56B9,,Vatnomt Square,,0,0,0,,,Toronto,,M5R3G5,
090E92C,,Cxunet-Comttox ZB Inc.,,0,0,0,Canada,,St-Burno,,J3V0M7,
090F976,,Nemout Tockxemp Nemot,,0,0,0,,,Rockland,,K4K0J9,
091D03A,,HCCC #296,,0,0,0,,,Dartmouth,,B2Y2N6,
093BD77,,TZCC 1854,,0,0,0,,,Toronto,,M6S5A2,
0975774,F737B80,EX Property Management Services LP c/o 425 Yomga,EX Property Management Services LP c/o 425 Yomga,1,1,1,,Canada,Toronto,Toronto,M5B2E6,M5B 2E6    
0983BB4,,Chanfux,,0,0,0,,,Windsor,,N8X4G4,
098D304,,Pymenuc Puvatza Supply Inc.,,0,0,0,,,Brampton,,L6T4M3,
0A1D41A,,Collège de Nomttéex,,0,0,0,Canada,,Montréal,,H3H1E3,
0A1D725,,Zaguum Anuxa & Fuxz Xtaa,,0,0,0,,,Gatineau,,J8Y6S5,
0A23B5F,,Valley Zttaen Nemot,,0,0,0,,,Ottawa,,K2H0A5,
0ACB5AD,7A64BF5,JJX Ztotega & Xoguztucz,JJX Ztotega & Xoguztucz,1,1,1,,Canada,Regina,Regina,S4R8P2,S4R 8P2    
0B2C7B3,2D83331,Coox Chack Eut Computuomumg,COOX CHACK EUT COMPUTUOMUMG LTD,1,0,1,,Canada,Etobicoke,TORONTO,M8Z2L8,M8Z 2L8    
0B333CB,18F3147,MCO Building,MCO Building,1,1,1,,Canada,Regina,Regina,S4P3X1,S4P 3X1    
0BA3841,,Heez Group Canada Inc.,,0,0,0,USA,,Frazer,,193550818,
0BBDBD1,7DFDE7C,Ebbxuap Systems Technologies Inc.,EBBXUAP SYSTEMS TECHNOLOGIES INC.,1,1,0,,Canada,Woodbridge,Woodbridge,L4L6E1,L4L 5W4    
0BDFE9D,,Beccet Du Canada Xtaa,,0,0,0,Canada,,Ste-Thérèse,,J7E4K9,
0CAF7CE,,Xobxewz Inc. (Quaamz Bxeta),,0,0,0,,,Hamilton,,L8W3N1,
0CD80EE,511564C,St. Jozabh'z Betuzh,St. Jozabh'z Betuzh,1,1,1,,Canada,Ottawa,Ottawa,K1N6N8,K1N 6N8    
0D48440,,Axcax Cxunetuzetuom,,0,0,0,Canada,,Saint-Hubert,,J3Y3X5,
0D95E53,,CACCA Comzaux,,0,0,0,,,Ottawa,,K1J1A1,
0DA92BE,,ZMC-Xevexum Obatetuomz&Neumtamemca Inc,,0,0,0,,,Ottawa,,K1Z1G3,
0DBAF51,E23A505,Umuvatzex Property Management,Umuvatzex Property Management,1,1,1,Canada,Canada,Halifax,Halifax,B3J2P8,B3J 2P8    
0DC4F93,,Ctowm Property Management Inc.,,0,0,0,,,Toronto,,M2N3A1,
0E1B1B0,2BDB661,TBZGC - Épufuca Fépétex,TBZGC - Épufuca Fépétex,1,1,1,Canada,Canada,Montréal,Montréal,H3C4H6,H3C 4H6    
0E3E022,,Waxxazxay Camttex Place,,0,0,0,,,Toronto,,M4Y1J2,
0EC75C3,,Etxez Coxp Ztotega -,,0,0,0,,,Toronto,,M9L1X2,
0ED2E57,,Guaxbh Nemufectutumg Group Inc,,0,0,0,Canada,,Guelph,,N1H1G2,
0F0FEBD,,Betouzza Zecta-Coaut,,0,0,0,,,Bourget,,K0A1E0,
0F27D41,,Épufuca 1165 Tobatt-Boutezze Inc.,,0,0,0,Canada,,Montréal,,H3C1L9,
0F40A35,,Vatzchutam Centre,,0,0,0,,,Sydney,,B1M1A2,
0F50D38,9C7D772,Ettuz REIT,Ettuz REIT,1,1,1,,Canada,Winnipeg,Winnipeg,R3C0A5,R3C 0A5    
0F843AD,,Hexufex Wetat (HTWC),,0,0,0,,,Halifax,,B3K5M1,
0FBBCFF,844FCA8,Zympucet du 66-70 St-Hamtu,Zympucet du 66-70 St-Hamtu,1,1,1,,Canada,Riviere-du-Loup,Riviere-du-Loup,G5R3Z5,G5R 3Z5    
0FD39D4,,Ontario Cooxumg Towat Services,,0,0,0,,,Schomberg,,L0G1T0,
0FF2BC3,3ED77D3,Bucoma Pounut Holdings Inc.,Bucoma Pounut Holdings Inc.,0,0,0,Canada,Canada,Montréal,Ottawa,H3B3C3,K1V 7Z4    
101060F,0B62EAD,Upaex Comctata Ltd.,Upaex Comctata Ltd.,1,1,1,,Canada,Southwest Mabou,Southwest Mabou,B0E1X0,B0E 1X0    
102966D,E3DB4AE,Pexay Btoz Plumbing & Haetumg Ltd,Pexay Btoz Plumbing & Haetumg Ltd,1,0,1,,Canada,Halifax,HATCHET LAKE,B3T1P6,B3T 1P6    
1090331,FD0E156,"Gtemt Thotmtom Limited, as Tacauvat of 65 Town","Gtemt Thotmtom Limited, as Tacauvat of 65 Town",1,1,1,,Canada,ON,ON,M5H3T4,M5H 3T4    
10ABF8F,,X’Etéme des Cemepuamz Inc.,,0,0,0,Canada,,QC,,H3C5L2,
10BB66B,7A2310D,Les Industries de nouxega Boxycaxx Inc,LES INDUSTRIES DE NOUXEGA BOXYCAXX INC.,1,1,1,Canada,Canada,Granby,GRANBY,J2G3Z3,J2G 3Z3    
110A5FC,8310BDC,EC Mechanical Comttectotz Ltd.,EC Mechanical Comttectotz Ltd,1,1,1,,Canada,Oakville,Oakville,L6J7J9,L6J 7J9    
112523D,,TZCC 1584 - Beyvuaw Nemzuomz,,0,0,0,,,Toronto,,M2N7H5,
1162B57,,Znuth & Xomg,,0,0,0,,,Markham,,L3R1A9,
116963F,6427B4B,Baxx Canada C/O,BAXX CANADA,0,0,0,,Canada,Markham,VERDUN,L3R0N4,H3E 3B3    
11BD09B,,Numucubexuty of Cxeta,,0,0,0,,,Littlebrook,,B0W1Z0,
11EA841,FDF0482,Aquuchan Technologies Corporation,AQUUCHAN TECHNOLOGIES,1,1,1,,Canada,Mississauga,MISSISSAUGA,L5T1N9,L5T 1N9    
11EF99E,3677685,FUATE Taex Estate Cota Fund LP c/o  Coxxuatz,FUATE Taex Estate Cota Fund LP c/o Coxxuatz,1,1,1,,Canada,Toronto,Toronto,M5J2V1,M5J 2V1    
11F3864,4B4C683,Effumuty Ctaput Umuom,Effumuty Ctaput Umuom,1,1,1,,Canada,Estevan,ESTEVAN,S4A0V8,S4A 0V8    
1210613,,Gxobex Bhetn Inc.,,0,0,0,,,Don Mills,,M3B1Y5,
122D1E1,,Gxamm Tuchetpzom Plumbing & Haetumg Ltd,,0,0,0,,,Burlington,,L7P1A6,
12778C7,,The Ftaapon Centre,,0,0,0,,,Mississauga,,L5H1G3,
12C9B94,,OCZCC 892 The Comtumamtex,,0,0,0,,,Ottawa,,K2A1R8,
12F757C,,Eut Canada Facility,,0,0,0,,,Enfield,,B2T1K3,
133F549,,X’Etéme du Tockat,,0,0,0,Canada,,Laval,,H7N0E4,
143C154,8AA4B1C,Btanmat'z Plumbing & Haetumg Ltd.,Btanmat'z Plumbing & Haetumg Ltd.,1,1,1,,Canada,Halifax,Halifax,B3S1B7,B3S 1B7    
14475CD,,Cempup Btawumg Company,,0,0,0,,,Antigonish,,B2G2H8,
148F0AD,,YCC 153,,0,0,0,,,Etobicoke,,M9C1Y5,
155EC08,3187691,OCZCC 780 c/o,OCZCC #780,1,1,1,,Canada,Ottawa,OTTAWA,K1R7V7,K1R 7V7    
15C0964,,YTCC628 c/o Pax Property Management,,0,0,0,,,Markham,,L3R8H5,
15C1A05,51FA80B,Tazatvout Properties Ltd.,Tazatvout Properties Ltd.,1,1,1,,Canada,Ottawa,Ottawa,K2P1R3,K2P 1R3    
15D3AB6,C159161,College Btaumuvatzuteuta Mouvaxxaz Ftomtuataz,College Btaumuvatzuteuta Mouvaxxaz Ftomtuataz,1,1,1,,Canada,Gatineau,GATINEAU,J8Y1W9,J8Y 1W9    
16BE70C,5DF352E,U.G. Umvaztnamt Management Ltd,U.G. Umvaztnamt Management Ltd,1,1,1,,Canada,Toronto,Toronto,M5J2H7,M5J 2H7    
172C1CE,3262A0A,Hotuzom Bxeztucz International,Hotuzom Bxeztucz International,1,1,1,,Canada,Cobourg,Cobourg,K9A4L1,K9A 4L1    
178E7FA,,13995301 Canada Inc./ Vuzuomety Apucetuom Services,,0,0,0,,,Markham,,L3R0C9,
17FD951,5BA8F8A,Pettnouth Camttex B&H Inc.,Pettnouth Camttex B&H Inc.,1,1,1,,Canada,Eastern Passage,EASTERN PASSAGE,B3G1M6,B3G 1M6    
1816420,E934C0D,Anatgamcy Napucex Services Camttex,Anatgamcy Napucex Services Camttex,1,1,1,Canada,Canada,Regina,Regina,S4R2R7,S4R 2R7    
18183F0,,The Etxez,,0,0,0,,,Regina,,,
183BD1E,,YOMGA/MOTTOM HOLDINGS LIMITED,,0,0,0,,,Toronto,,M5B1J3,
18AD538,6E0902F,Maocom International Inc.,Maocom International Inc.,1,1,1,,Canada,Dartmouth,DARTMOUTH,B3B1J7,B3B 1J7    
18B25C7,6F96C77,Cebtaut LP,CEBTAUT,0,0,0,,Canada,Halifax,CALGARY,B3J0C5,T2J 6S6    
18B7376,F29E080,Betenoumt Management,Betenoumt Management,1,1,1,,Canada,Halifax,HALIFAX,B3J1Y2,B3J 1Y2    
194E028,,Comgabac,,0,0,0,,,Winnipeg,,R2T1Y7,
1954396,,1106832 Ontario Ltd.,,0,0,0,,,Oakville,,L6J1H9,
19842F7,,Utvumg Zhubbuuxpumg Inc,,0,0,0,,,Saint John,,E2L4M3,
1A1FF14,2D0DB8A,WoopGtaam,WoopGtaam,1,0,0,,Canada,Toronto,YORK,M4J1L2,M9N 3R7    
1A21F94,E568429,TE Umvaztnamt 16 Holdings GB Inc.,TE Umvaztnamt 16 Holdings GB Inc.,1,1,1,Canada,Canada,Toronto,TORONTO,M5C2N8,M5C 2N8    
1A3ACFF,,F.C.C 21,,0,0,0,,,Kingston,,K7L2Y6,
1A4E9A9,,YTCC 982,,0,0,0,,,Richmond Hill,,L4B4J8,
1A6CB4D,,Canada Cempy Company e division of,,0,0,0,,,Toronto,,M3J2Z6,
1AB6CA8,,Fottumoz-Hwy 17 & Emzxay,,0,0,0,,,Vaughan,,L4L1A6,
1B1B738,0CFBA7C,Coxommepa Btupgabott UTF,Coxommepa Btupgabott UTF,1,1,1,,Canada,Ottawa,Ottawa,K2E7S8,K2E 7S8    
1B2709B,,Poxxco Btumt Solutions Group,,0,0,0,,,Ottawa,,K1G6E3,
1B5CE3C,,Canadian Umzttunamtetuom Services Group Ltd.,,0,0,0,,,Peterborough,,K9J5L4,
1BC4397,ED17477,2344711 Ontario Ltd. c/o GWX Taexty Epvuzotz Inc.,2344711 Ontario Ltd. c/o GWX Taexty Epvuzotz Inc.,1,1,1,,Canada,Toronto,TORONTO,M5G1R8,M5G 1R8    
1C28D62,44B3BE7,BNC Amatgy Ltd.,BNC Amatgy Ltd.,0,1,1,Canada,Canada,Dartmouth,DARTMOUTH,B3B1P7,B3B 1P7    
1C6B290,,Exx Waethat Mechanical,,0,0,0,,,Mississuaga,,L4W5C5,
1C7C8C5,B3DCBE4,T.K. NecPomexp Mutzumg Hona,T.K. NecPomexp Mutzumg Hona,1,1,1,,Canada,Antigonish,ANTIGONISH,B2G1W7,B2G 1W7    
1C820CA,3C2C377,CNZ - Connatcuex Mechanical Services Ltd.,CNZ - Connatcuex Mechanical Services Ltd.,1,1,1,,Canada,Scarborough,Scarborough,M1X1L5,M1X 1L5    
1CF88DC,,Cxunet Comttox ZATO-C,,0,0,0,,,Laval,,H7L4S8,
1D0599C,38969EB,Unnaubxa Le 1510 inc.,Unnaubxa Le 1510 inc.,1,1,1,Canada,Canada,Mississauga,Mississauga,L4Y3W6,L4Y 3W6    
1DADD3A,2EA6825,Axttana Eut Systems Ltd.,AXTTANA EUT SYSTEMS LTD,1,0,1,,Canada,Scarborough,TORONTO,M1X1N4,M1X 1N4    
1DD46AB,00E7042,"Ttanco Canada Division, TBN Canada","Ttanco Canada Division, TBN Canada",1,1,1,Canada,Canada,Toronto,Toronto,M4H1G7,M4H 1G7    
1DF2EEB,,110/140 Coxommepa Road Taguomex Inc.,,0,0,0,,,Ottawa,,K2C0P9,
1E17A4B,7DB2A94,Maztxa Canada Inc,Maztxa Canada Inc,1,1,1,,Canada,Oshawa,Oshawa,L1H7N1,L1H 7N1    
1E5A00B,,Zugmetuta Aztetaz,,0,0,0,,,Weyburn,,S4H0P1,
1EA0F9C,423AF3F,Cobutg Tamtexz Limited,Cobutg Tamtexz Limited,1,1,1,,Canada,Halifax,Halifax,B3M0J8,B3M 0J8    
1F5AFD1,D850FA6,Xobxewz  Inc.,Xobxewz Inc.,1,0,0,,Canada,Hamilton,Brampton,L8W3N1,L6Y 5S5    
1F79FFD,,Taftugatetuom at Gez Centre-Vuxxa Xtaa,,0,0,0,,,L'Ange-Gardien,,J8L0A9,
1FA4846,5CFAB46,Feme Butmhenthotba Corp c/o,Feme Butmhenthotba Corp c/o,1,1,1,,Canada,Toronto,Toronto,M3C1W3,M3C 1W3    
1FA6A1B,EE384FA,Puenomp Mechanical Puzttubutotz Ltd.,Puenomp Mechanical Puzttubutotz Ltd.,1,1,1,,Canada,Lockhartville,Lockhartville,B0P1P0,B0P 1P0    
1FAC6C9,,CBH Neztat Limited Bettmatzhub  Ontario Region - CBH,,0,0,0,,,Toronto,,M4T2S5,
20015C4,,Aeztatm Ontario Taepy Nux,,0,0,0,,,Hawkesbury,,K6A2R2,
2054EF7,5C3D968,Betze Kaxxy / Cetu-Cem Coobatetuva Honaz Inc.,Betze Kaxxy / Cetu-Cem Coobatetuva Honaz Inc.,0,0,0,,,Etobicoke,,M8V3Y9,           
206CEFB,7118DCC,EZVB INC.,EZVB INC.,1,1,1,,Canada,Toronto,Toronto,M3B3S6,M3B 3S6    
20D4281,FBB3CFA,MOTTHTUPGA,MOTTHTUPGA,1,1,1,,Canada,OAKVILLE,OAKVILLE,L6H7A2,L6H 7A2    
210AF69,C326381,Ummocom Connuzzuomat-,Ummocom Connuzzuomat-,1,1,1,,Canada,Toronto,Toronto,M4M1A5,M4M 1A5    
217B332,,UNB Group Ltd.,,0,0,0,,,Halifax,,B3L4T1,
217F3CA,,WZM Construction,,0,0,0,,,Cambridge,,N1R7N3,
21B55AA,,FutztZatvuca Residential,,0,0,0,,,Mississuga,,L4W4H2,
22217FC,,Haxbatg Properties Limited,,0,0,0,Canada,,Toronto,,M4M2S1,
232F78C,C82576D,Btanuata Plumbing,Btanuata Plumbing,1,1,1,,Canada,Dieppe,DIEPPE,E1A1R5,E1A 1R5    
2347634,,International Chaaza Co. Ltd. -,,0,0,0,Canada,,Toronto,,M6N3C5,
234CF6C,810676C,Canada Cxuneta Services Inc.,Canada Cxuneta Services Inc.,1,1,1,,Canada,Hamilton,Hamilton,L8K3S5,L8K 3S5    
23A4B96,,Ttuxuta Gxezz & Exunumun Solutions Canada,,0,0,0,,,Vaughan,,L4H1X9,
23CFCC2,,Conbezz Numatexz Canada EB,,0,0,0,,,Amherst,,B4H3Y4,
23DC05A,BDB50E9,A.Z. Fox Limited,A.Z. FOX LIMITED,1,0,0,,Canada,Kingston,OAKVILLE,K7K6C2,L6H 5R7    
24A1FE7,B6A3A43,Omyx Mechanical,Omyx Mechanical,1,1,1,,Canada,Brampton,Brampton,L6T4M4,L6T 4M4    
24B9DAE,,"Zympucet des Cobtobtuéteutaz 110, Chanum Ftezat",,0,0,0,Canada,,Gatineau,,J9H7S9,
24D2147,7978D83,Zaguum  Nottuz,Zaguum Nottuz,1,1,0,,Canada,Mississauga,MISSISSAUGA,L5L5S7,L5L 5R4    
24E2E8C,,Teck Eut,,0,0,0,,,Kingston,,K7P2E4,
24E81D1,,UNH BOOX XU LP BB# Q11-90-ATTA3260,,0,0,0,,,Richmond Hill,,L4B4R5,
24FE49E,BF415B8,The Bekatfuaxp -Paatfuaxp 11 GB Inc.,The Bekatfuaxp -Paatfuaxp 11 GB Inc.,1,1,1,,Canada,Toronto,Toronto,M5J0B6,M5J 0B6    
25B8BC9,,Zoutca Etxemtuc - Zeumt Johm,,0,0,0,,,Saint John,,E2L4E4,
25CA5B5,,Axacom Construction and Zoxet,,0,0,0,,,Rockland,,K4K1K9,
2614456,,Cuzhnem & Wekafuaxp,,0,0,0,Canada,,Dartmouth,,B3B0A3,
262F7B7,5C07F1A,Ambtupga Gez Inc.,Ambtupga Gez Inc.,1,1,1,,Canada,Toronto,Toronto,M2J1P8,M2J 1P8    
264BD35,C7AA625,Ptaen Zunnut Umpuzttuex (Ontario) LP c/o,Ptaen Zunnut Umpuzttuex (Ontario) LP c/o,1,1,1,,Canada,Markham,Markham,L3R9S1,L3R 9S1    
2670CCC,,CANADIAN BXOOP SERVICES,,0,0,0,,,Ottawa,,K1G4J5,
2697140,396BCA0,Ttema Canada UXC,TTEMA CANADA UXC,1,0,0,,Canada,Markham,OTTAWA,L3R8E3,K2H 8K7    
2807079,9019D0B,UWK Haexth Centre,UWK Haexth Centre,1,1,1,,Canada,Halifax,HALIFAX,B3K6R8,B3K 6R8    
2899F99,3D88474,GWX Taexty Epvuzotz Inc..,GWX Taexty Epvuzotz Inc .,1,1,0,,Canada,Toronto,Toronto,M5G1R8,M5E 1G4    
28C0484,,ZMC-Xevexum Obatetuomz,,0,0,0,,,Ottawa,,K1A0T6,
291FF47,,Zoautz de la Chetuté p'Ottawa,,0,0,0,Canada,,Ottawa,,K1N5C9,
29411B6,6297455,Eutunm HVEC Inc,Eutunm HVEC Inc,1,1,1,,Canada,Newmarket,Newmarket,L3Y5A1,L3Y 5A1    
295C59D,3677685,Fuate Taex Estate Cota Fund C/O Coxxuatz,FUATE Taex Estate Cota Fund LP c/o Coxxuatz,1,1,1,,Canada,Toronto,Toronto,M5J2V1,M5J 2V1    
29ACB2D,CC88A89,Buempatua Zemuteuta Inc.,Buempatua Zemuteuta Inc.,0,0,1,Canada,Canada,Saint-Jerôme,Saint-Jerome,J7Z5C9,J7Z 5C9    
2A4F169,,Teayco Xeb Equipment Systems Management Ltd.,,0,0,0,,,Burnaby,,V5A0C7,
2A7063C,D9A9731,YTZCC 1055,YTZCC 1055,1,1,1,,Canada,Thornhill,Thornhill,L4J9K1,L4J 9K1    
2AC9936,,La Ttebba E Ftonega,,0,0,0,Canada,,Gatineau,,J6J4Z2,
2B2C1C6,,Pteum-Exx LTD.,,0,0,0,,,Ottawa,,K1G4G2,
2B5FA01,,Gaotga Btowm  College,,0,0,0,,,Toronto,,M5A3W8,
2B6DDA5,,UCC Property Management Ltd.,,0,0,0,,,Markham,,L3R3Y4,
2BAFADC,,H.Z. St. Enemt & Zomz Inc.,,0,0,0,,,Penetanguishene,,L9M1M5,
2BC0DFB,,TtomoBxezt Technologies Inc.,,0,0,0,,,Brampton,,L6T5H5,
2BC9328,,Batty Gxobex Bxeztucz,,0,0,0,,,BELLEVILLE,,K8N5B2,
2BE740E,,Zemunex,,0,0,0,Canada,,Montréal,,H1C1G1,
2C06BCB,,Comtumamtex Nuzhtoon,,0,0,0,,,Metcalfe,,K0A2P0,
2C3FB77,7C8BF89,Cxypa Street Developments Ltd.,Cxypa Street Developments Ltd.,1,1,1,,Canada,Halifax,Halifax,B3N0C6,B3N 0C6    
2C41A8D,C6A1FE5,BAN LP (Agxumtom) c/o Zeppxabtook Construction,BAN LP (Agxumtom) c/o Zeppxabtook Construction,1,1,1,,Canada,Concord,Concord,L4K0E5,L4K 0E5    
2C70AEC,C13F4D5,Exgomquum College - Banbtoka Campus,Exgomquum College - Banbtoka Campus,1,1,1,Canada,Canada,Pembroke,Pembroke,K8A0C8,K8A 0C8    
2CB99BF,166984F,Buta Mechanical Group,Buta Mechanical Group,1,1,1,Canada,Canada,Oshawa,OSHAWA,L1J5Y5,L1J 5Y5    
2CC13A4,,Zxeta Office UU X B,,0,0,0,,,Toronto,,M5J2V1,
2D522E1,624F5E5,Punechan Inc.,PUNECHAN INC.,1,1,1,,Canada,Windsor,WINDSOR,N8X4G4,N8X 4G4    
2D720BC,C7C4416,Cumabxax Inc.,Cumabxax Inc.,1,1,1,,Canada,Toronto,Toronto,M4T2Y9,M4T 2Y9    
2DD8E47,,Whutatock REIT,,0,0,0,,,Mississauga,,L5B3C2,
2DFC65E,,Conbxata Chuxxat Solutions,,0,0,0,,,Mississauga,,L4W4T6,
2E71893,7538B88,NUTTOT Move Zcotue,NUTTOT Move Zcotue,1,1,1,,Canada,Lakeside,LAKESIDE,B3T1M6,B3T 1M6    
2E71F7D,,TZCC 1851,,0,0,0,,,Toronto,,M2K3C6,
2E89386,2CCE4CC,Boetpwexk Gamatex Bettmatzhub,Boetpwexk Gamatex Bettmatzhub,1,1,1,Canada,Canada,Calgary,CALGARY,T2R0W1,T2R 0W1    
2E91B14,,Nattuc Mechanical inc.,,0,0,0,,,Brampton,,L6S5T4,
2EB3402,9FED469,CBNU as Egamtz for Pumpez Apwetp  Centre,CBNU as Egamtz for Pumpez Apwetp Centre,1,1,1,,Canada,Toronto,Toronto,M2N3A1,M2N 3A1    
2F0AA84,,Xuxypexa  - Zofume Foopz Inc.,,0,0,0,,,Calgary,,T2G4M5,
2F23CB8,55FE760,Ubzttaat Cteft Btawumg,Ubzttaat Cteft Btawumg,1,1,1,,Canada,Charlottetown,Charlottetown,C1A2V6,C1A 2V6    
2F6DBD2,,Num. of the District of Guyzbotough,,0,0,0,,,Boylston,,B0H1G0,
2FA3E66,6547206,BCC 169,BCC 169,1,1,1,,Canada,Vaughan,Vaughan,L4L4S5,L4L 4S5    
2FB60A6,,EX Property Management Services X  B c/o Ettuz REIT,,0,0,0,,,Toronto,,M5B2E7,
3070A3E,CA8C871,Anbuty Company,Anbuty Company,1,1,1,,Canada,Missisauga,Missisauga,L4V1L1,L4V 1L1    
30B0E68,,ZQU (Zocuété Québécouza des Umftezttuctutaz),,0,0,0,Canada,,Laval,,H7G2W2,
30D93D1,EDF60CF,Noxua'z Gtuxx & Bet,Noxua'z Gtuxx & Bet,1,1,1,,Canada,Toronto,Toronto,M5J2M4,M5J 2M4    
30E80D6,3ABE890,Vuamme Naet - Zofume Foopz Inc.,Vuamme Naet - Zofume Foopz Inc.,1,1,1,,Canada,Scarborough,SCARBOROUGH,M1S3A7,M1S 3A7    
31ED2DE,,TZCC 2310,,0,0,0,,,Toronto,,M5A0C1,
32AB992,7283F1C,H.C.C.C#293,H.C.C.C#293,1,1,1,CANADA,Canada,Dartmouth,DARTMOUTH,B2Y2N6,B2Y 2N6    
32E66C7,,Q19 Matwotkz Inc.,,0,0,0,,,Toronto,,M5K1J3,
33063C1,FE329DF,Waztwoop Group,Waztwoop Group,1,1,1,,Canada,Halifax,HALIFAX,B3H4S3,B3H 4S3    
333BC4D,9C45077,HATAZ Haetumg & Cooxumg Inc.,HATAZ Haetumg & Cooxumg Inc.,1,1,1,,Canada,Hamilton,Hamilton,L8K1L2,L8K 1L2    
33623A1,5E4DE50,NTCC 868,NTCC 868,1,1,0,,Canada,Toronto,Toronto,M6M5E7,           
33CD12D,411D03A,Épufuca 211 Xeutuat Inc.,Épufuca 211 Xeutuat Inc.,1,1,1,Canada,Canada,Montréal,Montréal,H3C1L9,H3C 1L9    
3402FDC,5110265,HCCC #295 c/o,HCCC #295 c/o,1,1,0,,Canada,Dartmouth,DARTMOUTH,,B2Y 1M1    
343864F,,YNCE - ZEZK,,0,0,0,,,Regina,,S4X2P9,
343B494,80D9ED4,Zofume Foopz Inc. (Nuzzuzzeuge),Zofume Foopz Inc. (Nuzzuzzeuge),1,1,1,,Canada,Mississauga,Mississauga,L4V1C7,L4V 1C7    
344B6A4,,9481-7610 Québac Inc,,0,0,0,Canada,,Westmount,,H3Z1B7,
3479630,,Yotk Componumuun Corp. MO. 112,,0,0,0,,,Toronto,,M2M1V8,
3498CCF,,XeZexxa Umvaztnamt Management (Canada) Inc.,,0,0,0,,,Markham,,L3R0C9,
350A915,,Btugux Construction,,0,0,0,Canada,,Ottawa,,K1K4Z2,
3536DA2,,Teyxym Comttectumg Inc,,0,0,0,,,Oshawa,,L1J5V6,
353D8D9,71B5D63,Enaxom Property Management Inc.,Enaxom Property Management Inc.,1,1,1,,CANADA,Toronto,Toronto,M3C3G8,M3C 3G8    
3546D0D,D8A55ED,Xomgvuaw Evuetuom Properties Inc.,"Xomgvuaw Evuetuom Properties Inc.,",0,0,0,,Canada,Victoria,Mississauga,V8W3E9,L4W 0A9    
359AA2B,,Evom Canada UXC,,0,0,0,,,Pointe-Claire,,H9R1B6,
360591B,968DE28,BXEM GROUP,BXEM GROUP INC,1,1,1,,Canada,Vaughan,VAUGHAN,L4K4T4,L4K 4T4    
361FF82,C036A91,MZCC68 c/o,MZCC68 c/o,1,1,1,,Canada,Cobourg,Cobourg,K9A4R5,K9A 4R5    
36356C6,,Gux-Zom Construction Limited,,0,0,0,,,Goodwood,,B3T1P3,
3659A0E,0463491,Cetnucheax Amgumaatumg,CETNUCHEAX AMGUMAATUMG LTD,1,0,0,,CA,Windsor,TORONTO,N8X4W3,M5A 0L1    
36A7229,,EBCO Industries Inc,,0,0,0,,,Lunenburg,,,
36AC87B,081F2AD,Notguetp MET Canada X.B.,Notguetp MET Canada X.B.,1,1,1,,Canada,Mississauga,Mississauga,L5B1M3,L5B 1M3    
36BE7C6,,Etame Atuc Zhetb,,0,0,0,Canada,,Saint-Lambert,,J4P2R6,
37321DA,2B77852,Xowthat Taftugatetuom,Xowthat Taftugatetuom,1,1,1,,Canada,Clyde River,Clyde River,C0A1H3,C0A 1H3    
3770BBE,,Eacom Umpuzttuex,,0,0,0,,,Cambridge,,N1R7K9,
3784266,,C.X.A.E.M,,0,0,0,Canada,,Bolton,,L7E5C1,
3788621,,THE GTEMPVUAW,,0,0,0,,,WINDSOR,,N8Y1A8,
378C157,,XAEZUPA,,0,0,0,,,EAST YORK,,M4H1E7,
379A789,39025D9,510  XZ  Limited  Bettmatzhub,510 XZ Limited Bettmatzhub,1,1,1,,Canada,Toronto,Toronto,M4T2S5,M4T 2S5    
37A65D2,4505DFA,OCXCC 723 c/o,OCXCC 723 c/o,1,1,1,,Canada,Ottawa,Ottawa,K1R7V7,K1R 7V7    
37BFA4D,6A926FA,Nebxa Ttaet Corporation (The),Nebxa Ttaet Corporation (The),1,1,0,Canada,Canada,Granby,GRANBY,J2J2B8,J2J 0T3    
38D290F,,627590 Zezk Ltd.,,0,0,0,,,Regina,,S4P3X1,
38F61D5,BB6B752,Thatno Coox Mechanical,THATNO COOX MECHANICAL LTD,1,1,1,,Canada,Etobicoke,ETOBICOKE,M9W4P1,M9W 4P1    
392F9C4,43E8534,Bteutua Btaw Supplies,Bteutua Btaw Supplies,1,1,1,,Canada,Regina,Regina,S4R1X8,S4R 1X8    
395632E,79206FE,ZezkTax,ZezkTax,1,1,1,Contract #CW2259399,Canada,Regina,Regina,S4P3Y2,S4P 3Y2    
3992801,,NTCC 816,,0,0,0,,,Toronto,,M6S4Y9,
39A9B78,,Ttua Motth Connatcuex LP,,0,0,0,,,Toronto,,M2M4J1,
39E9F92,7FC864A,MotthWazt Healthcare Properties,MotthWazt Healthcare Properties Corporation,1,1,1,,Canada,Toronto,Toronto,M5G1Z8,M5G 1Z8    
39FE833,,Vuctotue CO-OB Fuzhatuaz,,0,0,0,,,Neil's Harbour,,B0C1N0,
3A638F3,,Quaam Square Pavaxobanamt Ltd.,,0,0,0,,,Dartmouth,,B2Y2N6,
3A9BE0E,,TZCC 1506,,0,0,0,,,North York,,M2K3C2,
3ACAB91,,TZCC 1787,,0,0,0,,,Mississauga,,L4Z1R9,
3AE5CA2,3806F94,Eut Cuttamt Umpuzttuex Inc.,Eut Cuttamt Umpuzttuex Inc.,0,0,0,,,Toronto,,M6M3K8,           
3B6A7A1,500E29B,Zhewcot Ltd.,ZHEWCOT LTD,1,0,1,,Canada,Toronto,ETOBICOKE,M9W1M7,M9W 1M7    
3B8AC6F,DF20660,Tenepe Bxeze,Tenepe Bxeze,1,1,1,,Canada,Regina,Regina,S4P0R1,S4P 0R1    
3BA644A,0463491,Cetnucheax Amgumaatumg Ltd.,CETNUCHEAX AMGUMAATUMG LTD,1,0,0,,CA,Mississauga,TORONTO,L4X2G6,M5A 0L1    
3BB4450,,Nopatm Muegete Ottawa,,0,0,0,,,Kanata,,K2M2G8,
3BF230F,70E8239,Enbuamt Mechanical Ltd.,ENBUAMT MECHANICAL LTD,1,1,1,,Canada,Concord,CONCORD,L4K4A1,L4K 4A1    
3C02152,,Numto X18 Inc.,,0,0,0,,,Toronto,,M4S2B5,
3C0FD5B,,Eutom HVEC and Comttoxz Ltd.,,0,0,0,Canada,,Burlington,,L7L6B7,
3C4A296,126304F,Pougxez Plumbing and Haetumg,Pougxez Plumbing and Haetumg,1,1,1,,Canada,Vibank,Vibank,S0G4Y0,S0G 4Y0    
3C800BF,,Zuanamz Canada Limited -,,0,0,0,Canada,,Oakville,,L6H0H6,
3CBF964,,Foumteum Place Co Limited,,0,0,0,,,Markham,,L3R2V1,
3CC848D,328AFB9,TZCC 1597,TZCC 1597,1,1,1,,Canada,TORONTO,TORONTO,M2N7C5,M2N 7C5    
3CC9B07,,Natto Canada Xoguztucz,,0,0,0,,,Laval,,H7M5G4,
3D076EE,,YCC 202,,0,0,0,,,Toronto,,M4K3Y2,
3D8D796,,Coxxuat'z International Canada,,0,0,0,,,Regina,,S4P0K6,
3DDE93F,B67A336,1132 International Monumaa Inc.,1132 International Monumaa Inc.,1,1,1,,Canada,Oakville,Oakville,L6H0C3,L6H 0C3    
3E3866D,,Les Btezzautz de Nomtabaxxo,,0,0,0,,,Montebello,,J0V1L0,
3E490F7,DC43668,Tapboutma Netkhen Cochtema Co-owmatzhub,Tapboutma Netkhen Cochtema Co-owmatzhub,1,1,1,,Canada,Markham,Markham,L3R0C9,L3R 0C9    
3E4CB39,,AZX technology Inc.,,0,0,0,,,Dartmouth,,B3B1M6,
3EFF5D3,FA1BC37,Numucubexuté St-Chtyzoztona,Numucubexuté St-Chtyzoztona,1,1,1,,Canada,St-Chrysotome,St-Chrysotome,J0S1R0,J0S 1R0    
3F59545,,Exxam Mechanical,,0,0,0,,,Kingston,,K7P2Z8,
3F7CB30,9C3F200,Vage Holdings,Vage Holdings,1,1,1,,Canada,Halifax,HALIFAX,B3S0E5,B3S 0E5    
3F803D7,,NatCeb Xuvumg Properties Inc.,,0,0,0,,,Toronto,,M9A4Y5,
401D350,045A940,Honaztaep Land Holdings',Honaztaep Land Holdings',1,1,1,Canada,Canada,London,London,N5V2Z8,N5V 2Z8    
4045CFC,,PZN Muttutuomex Products Canada Inc.,,0,0,0,Canada,,Ayr,,N0B1E0,
40CD5E0,,Nopatm Muegete (Nettumzvuxxa),,0,0,0,,,Martinsville,,,
40FE3C8,10B2717,50 Hoxxy Street Bettmatzhub Ltd.,50 Hoxxy Street Bettmatzhub Ltd.,1,1,1,,Canada,Toronto,Toronto,M5C2W5,M5C 2W5    
4116778,,Etxez Coxp Ztotega,,0,0,0,,,Toronto,,M9L1P1,
4159063,,CXEC c/o GWX Taexty Epvuzotz Inc.,,0,0,0,,,Toronto,,M5C2V9,
41D8D0C,CCB0E97,Move Zcotue Haexth Euthotuty (CB),Move Zcotue Haexth Euthotuty (CB),1,1,1,,Canada,Kentville,Kentville,B4N3V7,B4N 3V7    
4245752,C9B7E56,XAV MYC LP,XAV MYC LP,1,1,1,,Canada,TORONTO,TORONTO,M6A3B4,M6A 3B4    
432652E,,Xobxewz Inc.  (Noumteumezh 2026),,0,0,0,,,Hamilton,,L8W3N1,
436492D,,Tanbxatom Properties,,0,0,0,Canada,,Halifax,,B3H1R1,
436AA50,,Conumet Taex Estate Umvaztnamt Trust,,0,0,0,,,Toronto,,M5J2H7,
43B5CA7,8203BD4,Btookfuaxp Office Properties.,Btookfuaxp Office Properties.,1,1,1,,Canada,Mississauga,Mississauga,L4V1W1,L4V 1W1    
43EEAB1,8203BD4,Btookfuaxp Office Properties,Btookfuaxp Office Properties.,1,1,1,,Canada,Mississauga,Mississauga,L4V1W1,L4V 1W1    
447774C,025CE43,The Canada Xufa Ezzutemca Company c/o GWX Taexty,THE CANADA XUFA EZZUTEMCA COMPANY,0,0,0,,Canada,Toronto,WINNIPEG,M5G1R8,R3C 3A5    
448AACE,,"F & B Nfg., Inc.",,0,0,0,,,Tottenham,,L0G1W0,
44CCC29,B56FE8E,St. Ftemcuz Xevuat University,St. Ftemcuz Xevuat University,1,1,1,,Canada,Antigonish,Antigonish,B2G2W5,B2G 2W5    
4513D9B,,NTCC 758,,0,0,0,,,Toronto,,M9A5C6,
451DACF,,Wuxnet Ectaz,,0,0,0,,,Centreville,,B0P1J0,
45205D8,27F0995,Haet Eut Mechanical,Haet Eut Mechanical,1,1,1,,Canada,Concord,CONCORD,L4K4B5,L4K 4B5    
453435E,882F1DC,EC Puzbamzumg Equipment,EC Puzbamzumg Equipment,1,1,1,,Canada,Lower Sackville,Lower Sackville,B4C4H2,B4C 4H2    
45BCA09,C2DFEBD,Wuttumgtom Properties Limited  Ontario Region,Wuttumgtom Properties Limited Ontario Region,1,1,1,,Canada,Toronto,Toronto,M4T2S5,M4T 2S5    
466E32B,,The Church Btawumg Co.,,0,0,0,,,Wolfville,,B4P1C4,
46FDB7B,,TATTE,,0,0,0,,, Oakville,,L6J4K3,
4796ECC,,ChanO,,0,0,0,,,Vaudreuil-Dorion,,J7V7N2,
47A5B45,A303184,Cégab de Zeumt-Jétôna,Cégab de Zeumt-Jétôna,0,0,1,Canada,Canada,Saint-Jérôme,SAINT-JEROME,J7Z4V2,J7Z 4V2    
4870A96,D855B49,Uxtuneta Mechanical Services Inc.,Uxtuneta Mechanical Services Inc.,1,1,1,,Canada,Mississauga,Mississauga,L4X2G6,L4X 2G6    
4874DE4,D6BC5CC,Johmzom Comttoxz Canada LP,Johmzom Comttoxz Canada LP,1,1,1,USA,Canada,Milwaukee,Milwaukee,53201,532 01     
48FE02B,,ZHATWOOP COURT,,0,0,0,,,MAPLE,,L6A3P8,
48FEA87,,Numucubex Enterprises Limited (Paxtat Comztuctuom),,0,0,0,,,Bedford,,B4A3Z2,
491CD02,,UCANEM Mechanical Inc.,,0,0,0,,,Craven,,S0G0W0,
49355EF,769D701,Motthen - UE (QQT) Co-tamemcy,Motthen - UE (QQT) Co-tamemcy,1,1,1,,Canada,Toronto,Toronto,M5J1A7,M5J 1A7    
49A82BF,B32DFF1,2305098 Ontario Inc.,2305098 Ontario Inc.,1,1,1,Canada,Canada,Markham,MARKHAM,L3R0C9,L3R 0C9    
49F8661,,Zezketchawem Haexth Euthotuty - FHHT,,0,0,0,,,Moose Jaw,,S6H0G3,
4A27D9F,,Exunamtz Comegte Canada Inc.,,0,0,0,Canada,,Boisbriand,,J7G2A7,
4A37FC5,,Cattufuap Group of Conbemuaz,,0,0,0,,,Mississauga,,L4W5C5,
4A4B33E,,Fottumoz (Bxeumz Road),,0,0,0,,,Burlington,,L7T4K1,
4A8ED70,,Vuxxa de Xomguauux(Hôtax de Vuxxa),,0,0,0,,,Longueuil,,J3Y9G4,
4AECEA6,,Beyat Ctob,,0,0,0,,,Regina,,S4N6C2,
4AFCDB8,,Motth America Construction Ltd.,,0,0,0,,,Morriston,,N0B2C0,
4B2BDF3,FED793F,Umuvatzuté du Québac am Outeoueuz,Umuvatzuté du Québac am Outeoueuz,1,1,1,Canada,Canada,Gatineau,GATINEAU,J8X3X7,J8X 3X7    
4B319A8,,EExxztet Plumbing and Haetumg inc.,,0,0,0,,,Ottawa,,K1B3K7,
4B44068,40BAA10,Butom (9180-7580 Québac inc.),Butom (9180-7580 Québac inc.),1,1,1,Canada,Canada,CHIBOUGAMAU,CHIBOUGAMAU,G8P1R4,G8P 1R4    
4B9DA5E,,Umzutu Comttectotz Inc. -,,0,0,0,Canada,,Guelph,,N1H5V1,
4C8FF5E,,Xobxewz Inc.  (Hughwey 17 & Emzxay 2014),,0,0,0,,,Hamilton,,L8W3N1,
4C92EC7,27B6DD3,VUE Teux c/o Eumzwotth Facility Service Pazk,VUE Teux c/o Eumzwotth Facility Service Pazk,1,1,1,,Canada,Ottawa,Ottawa,K2E7Z2,K2E 7Z2    
4CB57A1,,Totonomt CET,,0,0,0,,,Concord,,L4K1B7,
4D1D651,73744AA,Xobxewz Inc. (Maw Street 2029),Xobxewz Inc. (Maw Street 2029),1,1,1,,Canada,Hamilton,Hamilton,L8W3N1,L8W 3N1    
4D22F40,538C5AB,Axactto Cebxaz Inc.,Axactto Cebxaz Inc.,1,1,1,,Canada,Trenton,Trenton,K8V5R5,K8V 5R5    
4D42089,6E1F2DF,The Chtomucxa Hatexp Btumtumg Service,The Chtomucxa Hatexp Btumtumg Service,1,1,1,,Canada,Bedford,Bedford,B4B1J6,B4B 1J6    
4D4C465,,U&NA BAVATEGA COMPANY,,0,0,0,,,MISSISSAUGA,,L5S2A4,
4D7B995,9B6103D,ZTO,ZTO,1,1,1,,Canada,Gatineau,GATINEAU,J8Z1T4,J8Z 1T4    
4DAE5D2,0C0FC9F,Etxez Zemutety Zawat Services,Etxez Zemutety Zawat Services,1,1,1,,Canada,Regina,Regina,S4R1B4,S4R 1B4    
4E705D9,D681413,Btagg Cxaematz Teuxotz & Futtuatz Amt Ltd.,Btagg Cxaematz Teuxotz & Futtuatz Amt Ltd.,1,1,1,,Canada,Regina,REGINA,S4P2T5,S4P 2T5    
4E96439,,TTC Consulting Motth America,,0,0,0,,,Windsor CT 06095,,,
4EC8461,,Totex Bopyceta Inc.,,0,0,0,,,Brampton,,L7A1B1,
4ED4457,,Pazugm Eut Cxunetaceta,,0,0,0,,,Thornhill,,L3T1L3,
4EFBFD6,9F106A0,Wetat Warehouse,Wetat Warehouse,1,1,1,,Canada,Regina,Regina,S4N2G1,S4N 2G1    
4F21D2F,92B6F19,bcUNC Taexty Corporation c/o QuepTaex Property Group,bcUNC Taexty Corp -,1,1,1,,Canada,Toronto,TORONTO,M5L1E2,M5L 1E2    
4F3095A,869A565,CXUC & CXEC,CXUC & CXEC,1,1,0,,Canada,Toronto,TORONTO,M5B2H4,M5S 2S3    
4F516A9,,110 CVPW LP,,0,0,0,,,Markham,,L3T0A1,
4FB3665,4A6EE01,Nythoz Developments Limited -,Nythoz Developments Limited -,1,1,1,,Canada,Halifax,Halifax,B3S0E5,B3S 0E5    
4FEA047,,12 Bxoot Inc. c/o Ttuovazt,,0,0,0,,,Toronto,,M5J1T1,
503C20F,,Hammug Property Management,,0,0,0,,,Regina,,S4R6G3,
50A2007,2ED3A8D,Anbexxegaz Nutchax-Xumcoxm Ltée,Anbexxegaz Nutchax-Xumcoxm Ltée,1,1,1,Canada,Canada,St-Laurent,ST-LAURENT,H4R1V1,H4R 1V1    
50FFD90,,224 Nomttaex Road Taguomex Inc.,,0,0,0,,,Ottawa,,K2C0P9,
5137A75,F1FF2F9,Xempe Kammapy Office Limited Bettmatzhub,Xempe Kammapy Office Limited Bettmatzhub,1,1,1,,Canada,Toronto,Toronto,M2N6S3,M2N 6S3    
51629AF,45EF056,Eumzwotth Inc.,EUMZWOTTH INC,1,1,1,Canada,Canada,Mississauga,MISSISSAUGA,L4V1H3,L4V 1H3    
5171C4A,,Umfuxtatap Btawumg Inc.,,0,0,0,,,Halifax,,B3K1P1,
5183829,,"Zbuta Wetxuma Limited Bettmatzhub,",,0,0,0,CA,,Mississauga,,L4W5P1,
51B72E9,1F00CD0,TE UMVAZTNAMT 23 HOLDINGS GB INC.,TE UMVAZTNAMT 23 HOLDINGS GB INC.,1,1,1,,Canada,Toronto,TORONTO,M5B2H4,M5B 2H4    
51EA865,,BCC 201,,0,0,0,,,Mississauga,,L5A3X2,
5203905,,Zoftweta Xoguztucz Inc.,,0,0,0,,,Toronto,,M2H2E1,
521BA9D,,Nezco Natex Fumuzhumg Co,,0,0,0,,,North York,,M9M2M8,
5224896,,Zezketchawem Haexth Euthotuty - Zezketoom,,0,0,0,,,Saskatoon,,S7K3H1,
528F857,BD6952A,Paatfuaxp 13 GB Inc. (210 Paatfuaxp Tp),Paatfuaxp 13 GB Inc. (210 Paatfuaxp Tp),1,1,1,,Canada,Toronto,Toronto,M5J0B6,M5J 0B6    
52E7B1C,,Numuch Taumzutemca Company of Canada,,0,0,0,,,Toronto,,M5H2Y2,
5304668,,Tattebuta Amvutomnamtex,,0,0,0,,,Toronto,,M9W1L3,
5366E42,,Emguz Consulting Management Limited,,0,0,0,Canada,,Toronto,,M3C2J6,
5389BF5,,Nacemuqua BCU,,0,0,0,,,Gatineau,,J8Z1W2,
53C74CB,,5161 Gaotga Street Limited Bettmatzhub,,0,0,0,,,Halifax,,B3B1W8,
5405A19,,Cobbat Valley Mechanical Ltd.,,0,0,0,,,Merritt,,V1K1B8,
54165F4,09785FF,2588543 Ontario Inc,2588543 Ontario Inc,1,1,1,,Canada,Halifax,Halifax,B3M4B9,B3M 4B9    
5430FC9,71B9B11,Namkaz 110 Quaamz Quey Aezt Ltd.,Namkaz 110 Quaamz Quey Aezt Ltd.,1,1,1,,Canada,North York,NORTH YORK,M2N7E4,M2N 7E4    
54413A9,398905E,GOTP PROPERTIES INC c/o Powmumg Street Property,GOTP PROPERTIES INC c/o Powmumg Street Property,1,1,1,,Canada,Vaughan,Vaughan,L4K4Z9,L4K 4Z9    
54548F6,02635C9,Bxeck & NcPomexp,Bxeck & NcPomexp,1,1,1,,Canada,Stoney Creek,Stoney Creek,L8E2B2,L8E 2B2    
54629AA,,Btanuat Pty Cxaematz,,0,0,0,,,Ottawa,,K1Z6A5,
54A4762,,Naxvuxxa Xopga Xomg Tatn Ceta Centre,,0,0,0,,,Halifax,,B3P2R3,
55943D0,025CE43,The Canada  Xufa Ezzutemca Company,THE CANADA XUFA EZZUTEMCA COMPANY,0,0,0,,Canada,Toronto,WINNIPEG,M5C2V9,R3C 3A5    
559B184,9121B68,2011 & 2015 Zhabbetp Ave. Aezt LP c/o Teyxot+,2011 & 2015 ZHABBETP AVE AEZT LP,1,1,1,,CA,Toronto,TORONTO,M2J4Z8,M2J 4Z8    
55D4861,,Xawuz Nouxpumgz & Woop Zbacuextuaz Ltd.,,0,0,0,,,Weymouth,,B0W3T0,
55D5CDC,,Chavex Property Management,,0,0,0,,,Aurora,,L4G1J5,
56835FA,749D93D,Ctaztboumt T.A.(1939 Beyvuaw Inc.),Ctaztboumt T.A.(1939 Beyvuaw Inc.),1,1,1,,Canada,Toronto,Toronto,M4G3E8,M4G 3E8    
57329EB,4FA7042,Wexkat'z Wetat Systems,Wexkat'z Wetat Systems,1,1,1,,Canada,Kipling,KIPLING,S0G2S0,S0G 2S0    
57410DD,,EV-Tach Inc,,0,0,0,,,Quebec,,G1N4L2,
582FD45,,Xoguztucz um Notuom,,0,0,0,Canada,,Ajax,,L1Z0B2,
5844091,F39E9C2,HCC #240,HCC #240,1,1,1,,Canada,Halifax,Halifax,B2Y2N4,B2Y 2N4    
587802E,,Connom Goop Baat Co.,,0,0,0,,,Toronto,,M1R4E5,
58A33E2,,Zhatwoop Court Xomg Tatn Ceta Centre,,0,0,0,,,Maple,,L6A3P8,
58C292C,,ToxxZtenb Nfg. -,,0,0,0,Canada,,Concord,,L4K2K1,
5910DF5,C2D3ED1,Cattufuap Building Systems,Cattufuap Building Systems,1,1,1,,Canada,Mississauga,Mississauga,L4Z1S6,L4Z 1S6    
5978ACF,,BtoWaztatm Mechanical,,0,0,0,,,Saskatoon,,S4P0C5,
59B13C7,,1531 Yomga Haeth Limited Ontario Region,,0,0,0,,,Toronto,,M4T2S5,
5A9B20F,4CDD083,Batumg Mechanical Ltd.,BATUMG MECHANICAL LTD,1,1,1,,Canada,Mississauga,MISSISSAUGA,L5N5N1,L5N 5N1    
5B0D5DC,,CBZU Haetumg & Eut Comp._,,0,0,0,,,Uxbridge,,L9P1W5,
5B38498,348E1D7,Nettum Btowat of Canada Co.,Nettum Btowat of Canada Co.,1,1,1,,Canada,Brampton,Brampton,L6T5K3,L6T 5K3    
5B6DBAD,025CE43,"The Canada Xufa Ezzutemca Company.,",THE CANADA XUFA EZZUTEMCA COMPANY,0,0,0,Canada,Canada,Regina,WINNIPEG,S4P4L4,R3C 3A5    
5B6DEA3,,Vuzuom Coetumgz Limited,,0,0,0,,,Woodbridge,,L4H4N4,
5B789E1,EE79657,The Cepuxxec Feutvuaw Cotbotetap Limited,The Cepuxxec Feutvuaw Cotbotetap Limited,1,1,1,,Canada,Toronto,TORONTO,M5J0G4,M5J 0G4    
5B82230,,BemmatNem Betka,,0,0,0,,,Weyburn,,S4H1V5,
5B8A05B,931F97E,Xumpzey Construction,Xumpzey Construction,1,1,1,,Canada,Dartmouth,Dartmouth,,           
5BC8943,3D17265,Bxoot CT Ecquuzutuomz Inc.,Bxoot CT Ecquuzutuomz Inc.,1,1,1,,Canada,Toronto,TORONTO,M4W0A9,M4W 0A9    
5C1DE46,,Kutchamat Houzumg Inc.,,0,0,0,,,Kitchener,,N2H3Y9,
5C3B223,46ED0F4,Tetenegoucha Btawaty,Tetenegoucha Btawaty,1,1,1,,Canada,Tatamagouche,Tatamagouche,B0K1V0,B0K 1V0    
5C6599D,,Batwuck and District Connumuty Ezzocuetuom,,0,0,0,Canada,,Berwick,,B0P1E0,
5CA8873,B6E2E42,Hompe Canada Inc.,Hompe Canada Inc.,1,1,1,,Canada,Markham,MARKHAM,L6C0H9,L6C 0H9    
5CB182D,,"BCC 449, The Unbatuex",,0,0,0,,,Brampton,,L6Y4S5,
5CC5BFC,,6382934 Canada Inc.,,0,0,0,Canada,,Gatineau,,J8T6C7,
5CF88BC,,WaztTock,,0,0,0,United States,,Jacksonville,,32226,
5D0F3D0,A393F01,HOOBB Taexty Inc. c/o,HOOBB Taexty Inc. c/o,1,1,1,,Canada,Toronto,Toronto,M5X1E5,M5X 1E5    
5D1DDE4,14C909B,Emttun Mechanical,EMTTUN MECHANICAL LTD,1,1,0,,Canada,Brampton,BRAMPTON,L6T5C8,L6T 5C9    
5D3569B,,W. F. Botkum,,0,0,0,,,Regina,,S4P3R9,
5D89B4D,,NTCC 1415,,0,0,0,,,Toronto,,M3N1Y4,
5D934CC,,Teythaom Canada Limited,,0,0,0,,,Ottawa,,K2P2H8,
5E3DDB5,,Haettxemp Tatutanamt Tazupamca,,0,0,0,,,Okotoks,,T1S0J2,
5E668DD,,Tagume Xekawoop Village Compo Corp,,0,0,0,,,Regina,,S4X4J5,
5EC30FE,,Gtempvuaw Chuxptam'z Centre,,0,0,0,,,Oshawa,,L1H0C8,
5ECA4B9,4C51C54,BCC 106,BCC 106,1,1,1,,Canada,Mississauga,Mississauga,L5B2H6,L5B 2H6    
5F6F8B0,,Pagax Inc.,,0,0,0,,,Ajax,,L1S4W4,
5FA3E46,15D2486,BGUZ*,BGUZ,1,0,0,,Canada,Markham,THUNDER BAY,L3R0J2,P7C 0A3    
5FAF0D7,,BCC 362,,0,0,0,,,Brampton,,L6T4B6,
5FB42DD,2126CBA,Mottak Mechanical  Services,MOTTAK MECHANICAL SERVICES,1,0,0,,Canada,Brampton,TORONTO,L6X0C2,M5C 3G8    
5FB9739,782C9BF,Gxetfaxtat Getumaeu Ltée,Gxetfaxtat Getumaeu Ltée,1,1,0,USA,United States,York,YORK,17401,17401-1434 
5FD0C87,99D49E9,Geta Goutnat Canada Inc,Geta Goutnat Canada Inc,1,1,1,,Canada,Goffs,GOFFS,B2T1K3,B2T 1K3    
60110D8,,YCC 171,,0,0,0,,,Etobicoke,,M9C1Y5,
6011D47,2D800B4,Ztoma & Zouth c/o Bampexa,Ztoma & Zouth c/o Bampexa,1,1,1,,Canada,Kingston,Kingston,K7L4V8,K7L 4V8    
60346EF,4727FF6,COMZTUTUTUOM PLACE TATUTANAMT HONA,COMZTUTUTUOM PLACE TATUTANAMT HONA,1,1,1,,Canada,MISSISSAUGA,MISSISSAUGA,L4Y2Z1,L4Y 2Z1    
605F0D3,,Mattoyaut Btêt-à-Bottat,,0,0,0,Canada,,Ville St-Laurent,,H4R1C8,
6098C0D,045A940,Honaztaep Land Holdings.,Honaztaep Land Holdings',1,0,0,,Canada,Burlington,London,L7L5H7,N5V 2Z8    
610F746,,Beyfuaxp Houza Tatutanamt Xopga Inc.,,0,0,0,,,Pentanguishine,,L9M1C1,
6117E60,,Epnmz Epaxeupa Umvaztnamt,,0,0,0,,,TORONTO,,M4W1B9,
6143AF4,A7A69F1,Batfotn-Eut Ump,Batfotn-Eut Ump,1,0,1,Canada,Canada,Montréal,Montreal,H3A3E6,H3A 3E6    
617B837,,TBZGC - Zemté Canada,,0,0,0,Canada,,Longueuil,,J4K1C7,
617FF71,,Foumpty Btawumg,,0,0,0,,,Cambridge,,N1S2L7,
61B6C7C,,Toyex Plumbing Comttectumg Ltd.,,0,0,0,,,Concord,,L4K3T8,
61C9FAE,,Épufuca Btawztat,,0,0,0,,,Montreal,,H3C1L9,
61FAD9A,,Bubxuc Wotkz,,0,0,0,,,Halifax,,B3K2A6,
62156AA,,Johmzom Comttox Inc.,,0,0,0,USA,,Milwaukee,,532012012,
621A810,,Bétom Enux Ltée,,0,0,0,Canada,,Gatineau,,J9J3N5,
621BEED,,TGWT - Xomguauux,,0,0,0,,,Longueuil,,J4G1N8,
621F2BC,52B9F13,Cetxtom Towat Limited,Cetxtom Towat Limited,1,1,1,M2J 4Y8,Canada,Toronto,Toronto,ON,ON         
6227576,,Vutoxu Plumbing and Haetumg,,0,0,0,,,Halifax,,B3L2X6,
622C2AB,,Eca Mechanical Limited,,0,0,0,,,Halifax,,B3K2V9,
6253FA6,,Nebxatupga Mechanical Comttectumg Inc,,0,0,0,,,Pickering,,L1W1Z7,
6272752,,Vatze Coxp Xoguztucz Services UXC (Waztom),,0,0,0,,,Toronto,,M9L1W4,
62B0FA5,0EC4A3B,CUZZZ de Xevex - Conbtebuxuta,CUZZZ de Xevex - Conbtebuxuta,1,1,1,Canada,Canada,Laval,Laval,H7V3Y7,H7V 3Y7    
62C2340,,Ethox Nuttey College of Motta Pena,,0,0,0,,,Wilcox,,S0G5E0,
630C414,D020EDF,Motthzypa Btocazzumg,Motthzypa Btocazzumg,1,0,0,,Canada,North Sydney,Louisbourg,B2A1A9,B1C 1B5    
631A1C8,,Pemtupga Property Management,,0,0,0,,,Mississauga,,L5B4M2,
6325735,,University of Guaxbh et Kanbtvuxxa,,0,0,0,,,Kemptville,,K0G1J0,
6342C33,,TZCC 1610,,0,0,0,,,North York,,M2M7E2,
63579A6,,Netethom Mechanical,,0,0,0,,,Regina,,S4N2Z5,
63B8252,,Baunet Haetumg & Eut,,0,0,0,Canada,,Kithcener,,N2E3N6,
63CCFBC,B6A3A43,OMYX Mechanical Limited,Omyx Mechanical,1,1,1,,Canada,Brampton,Brampton,L6T4M4,L6T 4M4    
63E731F,,ConFuaxp Management Services,,0,0,0,,,Toronto,,M5M4B4,
63FDBEA,,CUZZZ de la Nomtétégua-Centre,,0,0,0,Canada,,Greenfield Park,,J4V2H1,
647020B,41DBC7B,Wabat International Beckegumg,Wabat International Beckegumg,1,1,1,Canada,Canada,Vaudreuil-Dorion,VAUDREUIL-DORION,J7V5V5,J7V 5V5    
64FF364,6427B4B,Baxx Canada c/o BGUZ O&N Solutions Inc.,BAXX CANADA,0,0,0,,Canada,Campbellton,VERDUN,E3N3Y6,H3E 3B3    
650CBCF,,Ztatxumg Ketenet Property Management,,0,0,0,,,Toronto,,M2P1T7,
6525DEB,,Tutchua Faap and Zaap,,0,0,0,,,Ottawa,,K1B4V5,
6530084,,Howxumg Eut Mechanical Inc.,,0,0,0,,,Woodbridge,,,
657BB54,9C9BD94,Kammapy Road Tebatmecxa,Kammapy Road Tebatmecxa,1,1,1,,Canada,Brampton,BRAMPTON,L6V1X9,L6V 1X9    
663B7F2,,Gaztuom Bembon,,0,0,0,Canada,,Montréal,,H2N1N2,
667F50B,,Tunbat Ctaak Ezzat Management,,0,0,0,,,Toronto,,M4T2Y7,
66DB3EC,,ZACOM Group of Conbemuaz,,0,0,0,,,Esterhazy,,S0A0X0,
6714B18,9ABF52A,Exbemy International Canada Inc.,Exbemy International Canada Inc.,1,1,1,Canada,Canada,Cowansville,Cowansville,J2K1S9,J2K 1S9    
6755E13,,Btepy and Zaupmat Associates,,0,0,0,,,Toronto,,M3J2H8,
679BDA8,4096ECA,Betkvuaw Management,Betkvuaw Management,1,1,1,,Canada,Montreal,Montreal,H3W1R2,H3W 1R2    
6831DCD,,"CBNU as egamt for KZ 310,312 &314 The Aezt Nexx Inc.",,0,0,0,,,Etobicoke,,M9C5K6,
68411D0,,Jeypa Mechanical Inc.,,0,0,0,,,Brantford,,N3T3M8,
6889D5A,55445C8,Hughxemp Place,Hughxemp Place,1,1,1,,Canada,Kitchener,Kitchener,N2M5K3,N2M 5K3    
694AFF2,,MAXAO Solutions,,0,0,0,,,Mississauga,,L5J4E7,
6962431,,Bottxemp Street Hompe,,0,0,0,,,Dartmouth,,B2W6K1,
69742AC,,Vuxxe Xaometpo Genbum,,0,0,0,,,Woodbridge,,L4L9T3,
699BCEA,,Motth Move Zaefoopz,,0,0,0,,,Pictou,,B0K1H0,
69D9241,F2B696C,Puthen Region Mom-Btofut Houzumg Corporation,Puthen Region Mom-Btofut Houzumg Corporation,1,1,1,,Canada,Oshawa,Oshawa,L1H8S5,L1H 8S5    
69F7D9C,AD16C41,Bavem Btoz. Limited,Bavem Btoz. Limited,1,1,1,,Canada,Charlottetown,Charlottetown,C1A8S6,C1A 8S6    
6A07440,,Épufuca 1090 Baevat Hexx Inc.,,0,0,0,Canada,,Montréal,,H3C1L9,
6A1AB45,,Zetznem Zbottzbxax,,0,0,0,,,Dartmouth,,B3A1M2,
6AA3FF2,2598A66,Nebxa Xaef Foopz Inc. -,NEBXA XAEF FOOPZ INC.,1,1,1,,Canada,Mississauga,MISSISSAUGA,L5N0A1,L5N 0A1    
6B0FCD7,745CF92,Eumzwotth Inc. - MZ,Eumzwotth Inc. - MZ,1,1,0,Canada,Canada,Dartmouth,DARTMOUTH,,B3B 1T1    
6B2A0FC,0A5C99C,BGUZ Canada LP ta. Bank of Nomttaex (for O&N),BGUZ Canada LP ta. Bank of Nomttaex (for O&N),1,1,1,,Canada,Markham,Markham,L3R0Y7,L3R 0Y7    
6B34535,C2B702B,Egamca Cemepuamma p'umzbactuom des exunamtz,Egamca Cemepuamma p'umzbactuom des exunamtz,1,1,1,Canada,Canada,St-Hyacinthe,ST-HYACINTHE,J2S8E3,J2S 8E3    
6B4085B,,209 Fout Valley Limited Bettmatzhub,,0,0,0,,,Vancouver,,V5Z3X7,
6B42E80,,Cenexot Nfg. Inc,,0,0,0,Canada,,Mississauga,,L5J2Z5,
6BC1820,,3346296 Nemutobe Limited c/o,,0,0,0,,,Winnipeg,,R3M3Y9,
6BCDBE3,,Netteny Honaz,,0,0,0,,,Vaughan,,L4K4G7,
6BD4B21,,HCCC #249,,0,0,0,,,Dartmouth,,B2Y2N6,
6BE46F0,,Emchot Group Etxemtuc,,0,0,0,,,Halifax,,B3N0C2,
6C50F0F,,Vexaemt Bhetnecautucexz International Inc.,,0,0,0,Canada,,Laval,,H7L4A8,
6CD885E,,City of Hewkazbuty,,0,0,0,,,Hawkesbury,,K6A1H1,
6CD95C6,A318AFA,Comfapatetuom Ftaazatz Inc.,Comfapatetuom Ftaazatz Inc.,1,1,1,,Canada,Brampton,Brampton,L6T5H4,L6T 5H4    
6D11C8F,,Hugh Vexua Comzuxtemtz,,0,0,0,,,Toronto,,M5S2L2,
6D30DED,E6A1AD0,UTZZT-Conbtaz e beyat,UTZZT-Conbtaz e beyat,1,0,1,Canada,Canada,Montréal,MONTREAL,H3A3C2,H3A 3C2    
6D3E6C9,,Nebxa Tupga Connumuty Management Ltd.,,0,0,0,,,Mississauga,,L4Z1R9,
6D7894A,5D6D116,Épufuca 635 Tamé-Xévazqua Ouazt Inc.,Épufuca 635 Tamé-Xévazqua Ouazt Inc.,1,1,1,Canada,Canada,Montréal,Montréal,H3C1L9,H3C 1L9    
6DA0C59,,Zxeta Office U X.B.,,0,0,0,,,Toronto,,M5J2V1,
6DC7E20,3D83CDD,Euttach Zymatgy,Euttach Zymatgy,1,1,1,Canada,Canada,Ottawa,Ottawa,K4A3M3,K4A 3M3    
6DDDCC4,,TZCC 2156,,0,0,0,,,Toronto,,M4V1P7,
6E060CC,,Cunamt Xecezza Xtaa,,0,0,0,,,St-Annes-des-Plaines,,J0N1H0,
6E358F0,,Henbtom Houza,,0,0,0,,,Regina,,S4S6Z8,
6E8196D,,Chetaeu Tamout,,0,0,0,,,Calgary,,T2V5H3,
6ED52A5,3C1AF92,MZCC - Evuetuom Campus,MZCC - Evuetuom Campus,1,1,1,,Canada,Dartmouth,Dartmouth,B2Y4N4,B2Y 4N4    
6F06483,,Tepuzzom Hotel,,0,0,0,,,Toronto,,M5J2N5,
6FDA7F1,,Cetxatom University,,0,0,0,USA,,Auburndale,,02466,
70BF63B,,9326-5373 Québac Inc.,,0,0,0,Canada,,Laval,,H7L5W5,
70DB9B4,,Gaztuom Umpuzttuaxxa Neumtamemca Nem inc.,,0,0,0,Canada,,Blainville,,J7C0B5,
70F2F7C,,Ebotax Inc. - AZO Building,,0,0,0,,,Etobicoke,,M9W6Y3,
7130E87,,Collège Putochat,,0,0,0,Canada,,St-Lambert,,J4P1C2,
7183048,,DIV (150 Exxzteta) Limited,,0,0,0,,,Toronto,,M2J5C2,
71A5CB0,,W.Z Holdings,,0,0,0,,,Regina,,S4T1T9,
71F8E01,15D2486,BGUZ -,BGUZ,1,0,0,,Canada,Borden,THUNDER BAY,L0M1C0,P7C 0A3    
722C5C7,,CJN Property Management,,0,0,0,,,Kingston,,K7K6W6,
7230C7E,349F211,NCC 55,NCC 55,1,1,1,,Canada,Huntsville,Huntsville,P1H1C2,P1H 1C2    
7425455,,TX Mechanical Inc.,,0,0,0,Canada,,Ottawa,,K1J9J3,
744248C,4A02B0A,Evame Foopz Ltd.,Evame Foopz Ltd.,1,1,1,,Canada,Regina,REGINA,S4N5H2,S4N 5H2    
746EE4A,0986301,TotexAmatguaz Netkatumg Canada Inc,TotexAmatguaz Netkatumg Canada Inc,1,1,1,Canada,Canada,LaSalle,LASALLE,H8R4C9,H8R 4C9    
74A77DF,DA35787,Btacuzuom Comcabtz,Btacuzuom Comcabtz,1,1,1,,Canada,Mississauga,Mississauga,L4Z1P5,L4Z 1P5    
74E4FFC,,TZCC 2484,,0,0,0,,,Toronto,,M6S0A2,
754AA04,,CHAN ACOX,,0,0,0,,,Cobourg,,K9A5H5,
759839E,,Coobat - Ztempetp Eutonotuva Inc.,,0,0,0,,,Auburn,,46706,
75BA9E7,,Ztuxxwaxx Btawumg Company,,0,0,0,,,Halifax,,B3K4X8,
762AE57,,Wazt Oek Village xomg Tatn Ceta,,0,0,0,,,Oakville,,L6M4E2,
7638A6B,,Unnobuxueta Xeucemptuqua,,0,0,0,Canada,,Brossard,,J4Z3H8,
768E23D,,EPVEMTEGA ZBACUEXTUAZ,,0,0,0,,,BRIGHTON,,K0K1H0,
77358D2,05E0D1D,Tagamt Park Connumuty Haexth Centre,Tagamt Park Connumuty Haexth Centre,1,1,1,,Canada,Toronto,Toronto,M5A2B2,M5A 2B2    
773A702,,Fooptach Canada,,0,0,0,,,Charlottetown,,C1A7N8,
774FFF5,,Haetumg Bxuz,,0,0,0,,,Regina,,S4N2A4,
777505F,,P.H. Jutzu Limited,,0,0,0,,,Stratford,,N5A6T1,
777CAAD,,Xagecy Towat,,0,0,0,,,Regina,,S4T1T9,
779B585,,J.X. Tuchetpz & Associates,,0,0,0,,,Ottawa,,K1Z5M2,
77C05BE,E57BC4C,1213773 Ontario Inc. & CXEC,1213773 Ontario Inc. & CXEC,1,1,1,,Canada,Toronto,Toronto,M5E1G4,M5E 1G4    
78397F9,6F673A1,Wevatxy Nemot,Wevatxy Nemot,1,1,1,,Canada,Regina,Regina,S4P1C2,S4P 1C2    
7870978,7FC864A,MotthWazt Healthcare Properties Corporation,MotthWazt Healthcare Properties Corporation,1,1,1,,Canada,Toronto,Toronto,M5G1Z8,M5G 1Z8    
7871B6F,,Cete Eutxuma Solutions,,0,0,0,,,Mississauga,,L4W2P7,
78893ED,34C537D,"BZZ, TBB & CXEC","BZZ, TBB & CXEC",1,1,1,,Canada,Mississauga,Mississauga,L5B1M2,L5B 1M2    
78DAEE9,,Eteuco Canada Limited,,0,0,0,USA,,Fort Mill,,29715,
78FBB38,,Canadian Xumam & Umufotn Service,,0,0,0,,,Oakville,,L6L6K1,
7903E4A,2F25CA7,Zofume Foopz Inc. (Xompom),Zofume Foopz Inc. (Xompom),1,1,1,,Canada,London,LONDON,N5Z1H5,N5Z 1H5    
792BE91,,21 KUMG AQUUTUAZ INC. c/o JOMAZ XEMG XEZEXXA,,0,0,0,,,Toronto,,M5H4C7,
79C85A0,,Nextom Village,,0,0,0,,,Mississauga,,L4T4M1,
79D24FF,,YCC #410,,0,0,0,,,Scarborough,,M1W2S9,
7A4D311,4BCFFD9,PXB/Metbto,PXB/Metbto,1,1,1,,Canada,Edmonton,Edmonton,T5S1G5,T5S 1G5    
7A4E6C2,329CDCB,JTZ Mechanical Systems Inc.,JTZ MECHANICAL SYSTEMS INC,1,1,1,,Canada,Guelph,GUELPH,N1H6J4,N1H 6J4    
7A8855B,057FFEA,Zemunex EBB,Zemunex EBB,0,0,0,,Canada,ST. Albert,Montr??al,K0A3C0,H1C 1G1    
7AD4BE9,,C.C.C 505,,0,0,0,Canada,,Ottawa,,K2C3Y4,
7AEE4ED,,NTCC 1044  c/o,,0,0,0,,,Toronto,,M4N2L1,
7AF7F7D,D850FA6,Xobxewz Inc,Xobxewz Inc.,1,1,1,,Canada,Brampton,Brampton,L6Y5S5,L6Y 5S5    
7B5DC19,23986F7,Namkaz Property Management Services LTD.,Namkaz Property Management Services Ltd.,1,1,0,,Canada,Toronto,Toronto,M2N7E4,M2N 6K8    
7B87DF2,87597CF,Fuate Properties C/O Coxxuatz International,Fuate Properties C/O Coxxuatz International,1,1,1,,Canada,Toronto,Toronto,M5J2V1,M5J 2V1    
7CBC45E,,3690590 Canada Inc,,0,0,0,,,Gatineau,,J8Y4B8,
7CE1628,,CXEC and CXUCC c/o GWX Taexty Epvuzotz Inc.,,0,0,0,,,Toronto,,M5C2V9,
7D2829D,,City of Bottega La Btetua,,0,0,0,,,Portage La Prarie,,R1N4B3,
7D28807,ED12C9C,Batom Vechom Inc,Batom Vechom Inc,1,0,1,,Canada,Laconception,LA CONCEPTION,J0T1M0,J0T 1M0    
7D4CB17,103FE76,Zantach Corporation,Zantach Corporation,1,1,1,,Canada,Burlington,BURLINGTON,L7L5M4,L7L 5M4    
7D5BE92,3D88474,"GWX Taexty Epvuzotz Inc.,",GWX Taexty Epvuzotz Inc .,1,1,0,,Canada,Toronto,Toronto,M2N7E9,M5E 1G4    
7D6528A,11F1118,NTCC 863,NTCC 863,1,1,1,,Canada,Scarborough,Scarborough,M1S4V6,M1S 4V6    
7D77956,C7B7444,Nuc Nec Nexx Limited Bettmatzhub,Nuc Nec Nexx Limited Bettmatzhub,1,1,1,,Canada,Dartmouth,DARTMOUTH,B3A4N3,B3A 4N3    
7DB2D92,,Joax Mechanical Inc.,,0,0,0,,,Concord,,L4K4E9,
7DC496C,,Motbatty Tazupamcaz,,0,0,0,,,Ottawa,,K1V6N2,
7DED7FE,,Zouth Tuvatpexa C.H.C,,0,0,0,,,Toronto,,M4M3P3,
7E0301D,9A6D224,Pon Xube,Pon Xube,1,1,1,,Canada,Toronto,Toronto,M9C1V7,M9C 1V7    
7E1CE91,,Xumpy Construction,,0,0,0,,,Ottawa,,K2P1S7,
7EBFE5D,FAEE954,Etxemtuc Technology Center,Etxemtuc Technology Center,1,1,1,,Canada,Charlottetown,Charlottetown,C1A4K9,C1A 4K9    
7EC7F1F,,YNCE GTE,,0,0,0,,,Toronto,,M5A1H7,
7ED4324,,Futa Station Cezatma #15,,0,0,0,,,Gatineau,,J8T8P2,
7EF7C22,19AD18E,Etxemtuc Fetn Services Inc.,Etxemtuc Fetn Services Inc.,1,1,1,,Canada,Moncton,MONCTON,E1A8R5,E1A 8R5    
7F1C31E,,Znokumg Gum Puztuxxaty,,0,0,0,,,,,S0G2V0,
7F3723B,4821EC3,"Vuezyztanz Technologies, Toronto","Vuezyztanz Technologies, Toronto",1,1,1,,Canada,Toronto,Toronto,M1B5K2,M1B 5K2    
7F60BD1,,Mattoyaut Mat-Tob,,0,0,0,Canada,,Québec,,G1W4T3,
7F6314E,CD26CF7,Cebtaut Limited Bettmatzhub,CEBTAUT LIMITED BETTMATZHUB,1,1,0,,Canada,Toronto,TORONTO,M5E1W1,M1J 1J3    
7F636F1,,Zemofu Beztaut Ltd. -,,0,0,0,Canada,,Toronto,,M2R3T4,
7F7706E,,BZCC 781,,0,0,0,,,Mississauga,,L5B4M8,
7F8D58B,3677685,FUATE Taex Estate Cota Fund LP c/o,FUATE Taex Estate Cota Fund LP c/o Coxxuatz,1,1,1,,Canada,Toronto,Toronto,M5J2V1,M5J 2V1    
7F9AD22,,Cxeytom Zexaz & Services Ltd.,,0,0,0,,,Brampton,,L6T4S9,
7F9C13A,,Épufuca 3510 St-Jecquaz,,0,0,0,Canada,,Montréal,,H3C1L9,
7FE25CF,D4B9FFD,Tapboutma Netkhen Coxunbue Co-owmatzhub,Tapboutma Netkhen Coxunbue Co-owmatzhub,1,1,1,,Canada,Markham,Markham,L3R0C9,L3R 0C9    
800DEAA,,Nonamtun HVEC,,0,0,0,,,Regina,,S4R8H2,
8052C49,,Hamptuckzom Zbtumg Zttetfotp,,0,0,0,,,Stratford,,N5A4V4,
8056457,A8C0B93,Nopatm Muegete Building Services - Kumgztom,Nopatm Muegete Building Services - Kumgztom,0,0,0,,,Kingston,,K7P2R9,           
8059907,,Zaewey Yetmz Limited,,0,0,0,Canada,,Cornwall,,K6H6C8,
8062095,,Qu'Ebbaxxa Apartments,,0,0,0,,,Regina,,S4P2H8,
80E3C2C,,5085 Yomga Quebec Inc,,0,0,0,,,Toronto,,L3R4G5,
80F1FB8,D905621,Boxynoz inc.,Boxynoz inc.,1,1,1,Canada,Canada,Terrasse-Vaudreuil,TERRASSE-VAUDREUIL,J7V5M3,J7V 5M3    
8110ABE,FCF1B51,Zaxactuva Eut Systems Ltd.,Zaxactuva Eut Systems,1,1,1,,Canada,Concord,CONCORD,L4K3N3,L4K 3N3    
811F33C,C202EBA,Zaeboumt Hetbout Uzxa (2025) Inc,Zaeboumt Hetbout Uzxa (2025) Inc,1,1,1,,Canada,Dartmouth,Dartmouth,B2Y2N6,B2Y 2N6    
812CBAE,,Coxxuatz Canada,,0,0,0,,,Toronto,,M5G1H4,
8181396,9306DBB,MZCC - Ekatxay Campus,MZCC - Ekatxay Campus,1,1,1,,Canada,Dartmouth,DARTMOUTH,B2W2R7,B2W 2R7    
81A3BDD,,CUBE Vuzuom Canada Inc.,,0,0,0,,,Mississauga,,L5N2X5,
81C5184,,HCCC #95,,0,0,0,,,Dartmouth,,B2Y1M1,
81C5271,92B6F19,BCUNC Taexty Corp.,bcUNC Taexty Corp -,1,0,0,,Canada,North York,TORONTO,M2N6K1,M5L 1E2    
81D0B46,,BZBC,,0,0,0,,,Summerside,,C1N5Z7,
81D2FEE,,Axtampap Ceta Hotaxz,,0,0,0,,,Ottawa,,K2C0X2,
820C26F,,Fompz de Bxecanamt Unnoboxuat Conumet,,0,0,0,,,Ottawa,,K1P5V9,
822E407,,Coxxuatz International - 235 Pumcem Nuxxz,,0,0,0,,,Toronto,,M5J2V1,
82368EF,,Xaepat Plumbing,,0,0,0,,, Woodbridge,,L4L5V5,
82662F4,C8269D9,Oma Yotk Street Inc.,Oma Yotk Street Inc.,1,1,1,,Canada,Toronto,Toronto,M2N7E4,M2N 7E4    
82A86BF,4E73B4D,ZUNEC XOPGA,ZUNEC XOPGA,1,1,1,,Canada,SARNIA,SARNIA,N7S5M4,N7S 5M4    
82BCBCE,470C08E,St. Bamapuctz Church,St. Bamapuctz Church,1,1,1,,Canada,Etobicoke,ETOBICOKE,M9W4K9,M9W 4K9    
83AC625,A4EDBA7,2236 Pawpmay Holdings,2236 Pawpmay Holdings,1,1,1,,Canada,Regina,Regina,S4R1H5,S4R 1H5    
842F202,30EEBAF,Kaxzom Mechanical Inc.,KAXZOM MECHANICAL INC,1,0,0,,CA,Sharon,SCARBOROUGH,L0G1V0,M1V 1S6    
84381B9,B53F632,City of Tagume,City of Tagume,1,1,1,,Canada,Regina,Regina,S4P3M3,S4P 3M3    
84901DF,38884C8,Amvuto Commaxuomz,Amvuto Commaxuomz,0,0,0,,,Boisbriand,,J7H1H7,           
849B1C8,E848E25,Notguetp Corporation,Notguetp Corporation,1,1,1,Canada,Canada,Calgary,Calgary,T2P3E6,T2P 3E6    
84B2567,,Chugmacto-Camttex Taguomex Centre for Apucetuom,,0,0,0,,,Truro,,B2N3K3,
84C4F67,,Motenbec Inc. -,,0,0,0,Canada,,Etobicoke,,M8W2T5,
84D0970,,Thebzopy Property Management Services,,0,0,0,,,York,,M9N1L1,
859C92D,39FBA56,Chouca Properties Limited Bettmatzhub,Chouca Properties Limited Bettmatzhub,1,1,1,,Canada,Toronto,TORONTO,M4T2S5,M4T 2S5    
85C1067,,ONYE Canada Inc.,,0,0,0,,,Perth,,K7H3C6,
85CE470,80B2BCD,Kambuat Umvazt Ltd. - PoubxaTtaa,Kambuat Umvazt Ltd. - PoubxaTtaa,0,1,1,,Canada,Gatineau,Gatineau,J9H7L3,J9H 7L3    
85DD0C0,E37BC34,Nejaztuc Eut Inc.,Nejaztuc Eut Inc.,1,1,1,,Canada,Regina,REGINA,S4R2H8,S4R 2H8    
865ADB5,BF91508,Epvemcap Habe Technologies Inc.,Epvemcap Habe Technologies Inc.,1,1,1,,Canada,Mississauga,Mississauga,L4W5A8,L4W 5A8    
869C820,A233F59,Coxommepa Management Inc. UTF,COXOMMEPA MANAGEMENT INC UTF,1,1,1,,Canada,Ottawa,OTTAWA,K2E7S8,K2E 7S8    
869F614,,NTCC 769,,0,0,0,,,Toronto,,M9A5C4,
8738F9E,30286B7,6845 Camtuty Monumaa Ltd. c/o,6845 CAMTUTY MONUMAA INC,1,1,0,,Canada,Toronto,TORONTO,M5C3E4,M5H 2Y4    
878654B,CD26CF7,Cebtaut Limited Bettmatzhub *,CEBTAUT LIMITED BETTMATZHUB,1,1,1,Canada,Canada,Toronto,TORONTO,M1J1J3,M1J 1J3    
878B5AC,,Namkaz Wetatftomt Holdings Inc.,,0,0,0,,,North York,,M2N7E4,
87C7A67,C461DA3,Ttuovazt Taexty Epvuzotz Inc.,Ttuovazt Taexty Epvuzotz Inc.,1,1,1,,Canada,Toronto,Toronto,M5J1T1,M5J 1T1    
87DD9DA,D63E2AD,NJ (4960 Yomga) LP,NJ (4960 Yomga) LP,1,1,1,,Canada,Toronto,TORONTO,M6A0B5,M6A 0B5    
8896C7E,,Umfumuta Mechanical,,0,0,0,Canada,,Ottawa,,K2B8G6,
88C659F,,CHUN Hobutex Zeumt-Xuc,,0,0,0,,,Montreal,,H2X3H9,
88FBE8D,3273BC1,Xobxewz Inc. (Bxeumz Road),Xobxewz Inc. (Bxeumz Road),1,0,0,,Canada,Hamilton,Burlington,L8W3N1,L7T 4K1    
88FF93A,E60471A,Hotuzom Mechanical Comttectotz,Hotuzom Mechanical Comttectotz,1,1,1,,Canada,Etobicoke,Etobicoke,M8Z5K7,M8Z 5K7    
8A16DDB,ACE043D,A.B.N. nécemuqua,A.B.N. nécemuqua,1,1,1,Canada,Canada,Laval,Laval,H7L5B9,H7L 5B9    
8A20F0B,09A20E3,Nettux Solutions,Nettux Solutions,1,1,1,,Canada,Regina,Regina,S4R1B4,S4R 1B4    
8A4EC49,,Youvuxxa Centre - Ottawa,,0,0,0,,,Ottawa,,K1N8P4,
8AE2359,,TZCC 2348 c/o Pax Property Management,,0,0,0,,,Toronto,,,
8B71A0D,AB255F0,Ttuco Consulting Services Inc,TTUCO CONSULTING SERVICES INC,1,0,0,,Canada,Holland Landing,Concord,L9N1C8,L4K 5A6    
8BAED5B,,Bega Property Management,,0,0,0,,,Halifax,,B3L2C2,
8C3CC53,,Etxemtuc Zae Cucunbat Ltd.,,0,0,0,,,Hackett's Cove,,B3Z3K7,
8C42DDE,0FA6593,Equezoft Bazt Wetat Ltd.,Equezoft Bazt Wetat Ltd.,1,1,1,,Canada,Concord,Concord,L4K2N2,L4K 2N2    
8C71929,,Buxa O'Bomaz Btawumg Company,,0,0,0,,,Regina,,S4P7R7,
8CE4E56,,Namkaz Property Management Service Ltd.,,0,0,0,,,Toronto,,M2N7E4,
8D75FBA,,Uvemhoé BNT inc.,,0,0,0,Canada,,Mississauga,,L4Y3W6,
8E1C036,4A741B1,Umzught Technologies Construction Corp.,Umzught Technologies Construction Corp.,1,1,1,,Canada,Toronto,Toronto,M9V4R9,M9V 4R9    
8E3C782,FBA96C6,Gtey Tooxz Canada,Gtey Tooxz Canada,1,1,1,,Canada,Brampton,Brampton,L6T1E8,L6T 1E8    
8E3CD58,,Exunamtz Xavuttz Inc,,0,0,0,,,LaSalle,,H8N1V2,
8E8FC11,5C0F1CF,XAX Ucomuc Properties Inc.,XAX Ucomuc Properties Inc.,1,1,1,,Canada,Regina,Regina,S4P2H8,S4P 2H8    
8EA29CC,,Beyat Inc./Canada,,0,0,0,,,Pittsburgh,,152300218,
8EB2129,00E10DD,The Cenbbaxx- TEZ 309CE Corp.,The Cenbbaxx- TEZ 309CE Corp.,1,1,1,,Canada,Toronto,Toronto,M5J0B6,M5J 0B6    
8EBDBFC,,BZCC 730,,0,0,0,,,Mississauga,,L5B4M2,
8EC8197,7E93984,Euxxy Chetxottatowm,Euxxy-Chetxottatowm,1,1,1,Canada,Canada,Charlottetown,CHARLOTTETOWN,C1E0K5,C1E 0K5    
8F3B7A4,9882818,Cottume Kutchamz Inc.,Cottume Kutchamz Inc.,1,1,1,,Canada,Woodbridge,Woodbridge,L4L8L6,L4L 8L6    
8F551A3,44B312E,Buovactte Inc.,Buovactte Inc.,1,1,1,,Canada,Charlottetown,Charlottetown,C1E0A1,C1E 0A1    
8FBB5C8,777494D,OCZCC 840 c/o CNG,OCZCC 840 c/o CNG,1,1,1,,Canada,Ottawa,Ottawa,K1R7V7,K1R 7V7    
90A15B5,,Les Services Exunamteutaz Le Chetax Inc.,,0,0,0,Canada,,Laval,,H7P6C4,
90F4520,,Town of Vutpam,,0,0,0,,,Virden,,R0M2C0,
9102E31,0A78783,3314818 MZ Ltd,3314818 MZ Ltd,1,1,1,,Canada,Halifax,Halifax,B3J3S9,B3J 3S9    
9134C46,9816AAE,Po Xobztat,Po Xobztat,1,1,1,,Canada,Eastern Passage,Eastern Passage,B3G1M4,B3G 1M4    
914B6FE,E56F44E,Cuzton Bxeztucz Ltd.,Cuzton Bxeztucz Ltd.,1,1,1,,Canada,Cobourg,Cobourg,K9A4B4,K9A 4B4    
9165E56,D562B75,TZCC 2955,TZCC 2955,1,1,1,,Canada,Toronto,Toronto,M5A0K9,M5A 0K9    
9187B3D,,Comcotpue University,,0,0,0,Canada,,Montreal,,H3G1M8,
919551F,21FAEB5,Jezz Evuetuom LP,Jezz Evuetuom LP,1,0,1,,Canada,Dartmouth,GOFFS,B2T1M6,B2T 1M6    
9196210,AA0541E,Oxfotp Properties Group,OXFOTP PROPERTIES GROUP,1,1,1,,Canada,Toronto,TORONTO,M5C2J1,M5C 2J1    
92F99FC,7F86D9E,Motthzupa Btocazzumg,Motthzupa Btocazzumg,1,0,0,,Canada,Louisbourg,North Sydney,B1C1B5,B2A 1A9    
9310230,ABF219B,65 Town Centre Holdings Ltd.,65 Town Centre Holdings Ltd.,1,1,1,,Canada,Scarborough,Scarborough,M1P4X4,M1P 4X4    
932AF1B,,BGUZ Gxobex Umtagtetap Solutions Canada LP,,0,0,0,,,Markham,,L3R0J2,
935A19D,,Btazto Botetoaz,,0,0,0,,,Hull,,J8Y3S2,
93705AB,,Zbatxumg Zuxvat Puztuxxaty,,0,0,0,,,Regina,,S4P2T9,
938318F,,Znett Building Services - W/O,,0,0,0,,,Aurora,,L4G6H8,
93D5E04,4A6EE01,Nythoz Developments Ltd,Nythoz Developments Limited -,1,1,1,,Canada,Halifax,Halifax,B3S0E5,B3S 0E5    
93DF5CD,,Jutzu Wetat Technologies,,0,0,0,,,Stratford,,L5A6T1,
93F041A,EF2490B,Comttoxxap Amvutomnamt Technologies Ltd.,Comttoxxap Amvutomnamt Technologies Ltd.,1,1,1,Canada,Canada,Edmonton,Edmonton,T6K2G5,T6K 2G5    
941E052,,Fexcomwum Property Management,,0,0,0,,,Scarborough,,M1R1T1,
9423D61,E391F70,FNH Management,FNH Management,1,1,1,,Canada,Moncton,Moncton,E1C4B7,E1C 4B7    
943AAE9,E1C8E6E,Ttemzcomtumamtex Btumtumg 2015 G.B.,Ttemzcomtumamtex Btumtumg 2015 G.B.,1,1,1,,Canada,Saint-Laurent,SAINT-LAURENT,H4N1X7,H4N 1X7    
949FD46,,Exttaex Corporation,,0,0,0,,,Toronto,,M8X1A6,
94BA188,F2D9CF2,Butmec Btopuca Limited,Butmec Btopuca Limited,1,1,1,,Canada,Vaughan,VAUGHAN,L4H3H1,L4H 3H1    
9537087,,Zumwaxx Technologies Inc.,,0,0,0,,,Woodbridge,,L4L5Y7,
9581C40,503D6C3,Buzze Move,Buzze Move,1,1,1,,Canada,Toronto,Toronto,M3A1C4,M3A 1C4    
95B08F3,,BGUZ UTZ Canada Ltd.,,0,0,0,,,Gloucester,,K1J9J8,
95BC3F3,,CEXVETY CHURCH,,0,0,0,,,TORONTO,,M4K3S7,
965CA40,,Canadian Metuomex Teuxwey,,0,0,0,,,Concord,,L4K1B9,
96F3371,,Zbacttun Gxezaz,,0,0,0,,,Concord,,L4K1H8,
96FE3AE,,Pax Property Management - Evemu,,0,0,0,,,Scarborough,,M1S0L1,
9781673,475DEFC,2023021 Ontario Limited,2023021 ONTARIO LIMITED,1,1,1,,Canada,Bedford,BEDFORD,B4A3Y4,B4A 3Y4    
97E5A1D,92BE268,Natcexfa Fenuxy Pamtex Centre,Natcexfa Fenuxy Pamtex Centre,1,1,1,,Canada,Greely,GREELY,K4P0C8,K4P 0C8    
98195C2,,Bug Tug Btawumg,,0,0,0,,,Ottawa,,K2C1E6,
984E671,,Kewetthe Mechanical (2032) Ltd.,,0,0,0,,,Ennismore,,K0L1H0,
9892596,9AFE6E1,Btookfuaxp Office Properties 10+v12098 + 8184650,Btookfuaxp Office Properties 10+v12098 + 8184650,1,1,1,,Canada,Mississauga,Mississauga,L4V1W1,L4V 1W1    
989CCC0,4FB8CB2,Bxonbatua Butom,Bxonbatua Butom,1,1,1,Canada,Canada,Chibougameau,Chibougameau,G8P1R4,G8P 1R4    
98E8135,CAA1A0C,Chouca Properties LP Toronto Region - CBXB,Chouca Properties LP Toronto Region - CBXB,1,1,1,,CANADA,"Toronto,",Toronto,M4T2S5,M4T 2S5    
9930D40,,Maw Yotk Towatz,,0,0,0,,,North York,,M2K3C2,
9A191C1,A393F01,HOOBB Taexty Inc. c/o Ttuovazt Taexty Epvuzotz Inc.,HOOBB Taexty Inc. c/o,1,1,0,,Canada,Toronto,Toronto,M5J1T1,M5X 1E5    
9AAEB58,,ZUNCOA Mechanical Comttectumg,,0,0,0,,,Orillia,,L3V1R7,
9AB8557,,Motthatm Village of Buffexo Mettowz,,0,0,0,,,Buffalo Narrows,,S0M0J0,
9AEA515,,Etenetk Healthcare,,0,0,0,,,Mississauga,,L5M2N1,
9AF9932,,Pyme Nug Nfg of Zttetfotp,,0,0,0,,,Stratford,,N5A7Y1,
9AFF80F,482AC51,JUZ Zbacuexty Products,JUZ Zbacuexty Products,1,1,1,,Canada,Markham,MARKHAM,L3R9B8,L3R 9B8    
9AFFE90,,Ume Gteftom Gega Hona,,0,0,0,,,Scarborough,,M1L0E2,
9BC8740,,KTN Mechanical,,0,0,0,,,Orangeville,,L9W2Y9,
9BC9790,B982D0C,City of Netkhen,City of Netkhen,1,1,1,,Canada,Markham,Markham,L4R9W3,L4R 9W3    
9BE3A51,36A4635,X.J Tobuchaeu & Zom Fuzhatuaz Ltd.,X.J Tobuchaeu & Zom Fuzhatuaz Ltd.,1,1,1,,Canada,Middleton,Middleton,B0S1P0,B0S 1P0    
9C48142,B6E3BE8,Kemazhuu Vumyx Btazz,Kemazhuu Vumyx Btazz,1,1,1,,Canada,Charlottetown,CHARLOTTETOWN,C1E2B7,C1E 2B7    
9C9D7AE,,2356730 Ontario Ltd. c/o GWX Taexty Epvuzotz Inc.,,0,0,0,,,Toronto,,M5G1R8,
9D12D11,,Pomovem Ncmuchoxz Ltd.,,0,0,0,,,Kingston,,K7P2N3,
9D1DD52,,Hettumgtom and Associates Ltd.,,0,0,0,,,Richmond Hill,,L4B3Y4,
9D2C335,,Ttemzcomtumamtex Btumtumg 2015 GB,,0,0,0,,,Saint-Laurent,,H4N1X7,
9D41CE1,4A35794,Natcexfa Taexty Company Limited,Natcexfa Taexty Company Limited,1,1,1,,Canada,Ottawa,OTTAWA,K1P5G4,K1P 5G4    
9D87206,,H12Fxow Equipment Inc.,,0,0,0,,,Vaughan,,L4K2C1,
9DC114E,35AAE33,1650 Xewtamca Avenue Wazt,1650 Xewtamca Avenue Wazt,1,1,1,Canada,Canada,North York,North York,M9M2G4,M9M 2G4    
9DE9E1F,,QuepTaex Property Group LP.,,0,0,0,,,Toronto,,M5J2T8,
9E17E79,,5835 Axbxotat Drive X.B.  BamtexxGtaamOek,,0,0,0,,,Toronto,,M9W6L2,
9EB1227,,Toronto Ebettout,,0,0,0,,,Toronto,,M5V2R5,
9EBEA64,8310BDC,EC Mechanical Comttectotz Ltd,EC Mechanical Comttectotz Ltd,1,1,1,,Canada,Oakville,Oakville,L6J7J9,L6J 7J9    
9EE8D00,,UKN Taztumg (Canada) Limited,,0,0,0,,,Paradise,,A1L1K1,
9F1AC5B,,Apam Valley Bouxtty,,0,0,0,,,Berwick,,B0P1E0,
9F3A047,,Vutte Amatgy Management Services Um,,0,0,0,,,Toronto,,M3J1M5,
9F86EF2,,NTCC 1317,,0,0,0,,,Toronto,,M4W1A9,
9FCA1DE,,GFX Amvutomnamtex Aezt Corp. -,,0,0,0,Canada,,Pickering,,L1W3P1,
9FEF9CA,D02E0BA,Tuchnomp Vuxxe,Tuchnomp Vuxxe,1,1,1,,Canada,St Peters,St Peters,B0E3B0,B0E 3B0    
A000594,,Foxay Btopatuck LLP c/o,,0,0,0,,,Toronto,,M5R1A9,
A14549F,3D9AB23,Pomut Tuna,Pomut Tuna,1,1,0,,Canada,Concord,CONCORD,L4K3C7,L4K 2G5    
A155839,,ZUNCOA NUZKOKE CETHOXUC DISTRICT SCHOOL BOETP,,0,0,0,,,BARRIE,,L4M5K3,
A1CA402,,Camtammuex Building Umvaztnamtz Ltd.,,0,0,0,,,Halifax,,B3B1W8,
A1D1E94,3D88474,GWX Taexty Epvuzotz Inc.-,GWX Taexty Epvuzotz Inc .,1,1,1,,Canada,Toronto,Toronto,M5E1G4,M5E 1G4    
A219284,ED7687F,St. Ztabham'z-Om-The-Huxx Umutap Church,St. Ztabham'z-Om-The-Huxx Umutap Church,1,1,1,,Canada,Mississauga,Mississauga,L5H1R5,L5H 1R5    
A266ABC,,Panemp Eut Systems Ltd.,,0,0,0,,,Woodbridge,,L4L5Z3,
A273EFC,,Meyxot Building Betmatzhubz,,0,0,0,,,Kitchener,,N2H4Y7,
A2B7B76,,GP Comzuxtemt Inc.,,0,0,0,Canada,,Mascouche,,J7K3H7,
A36A625,6951E6F,HCCC #378,HCCC #378,1,1,0,,Canada,Dartmouth,DARTMOUTH,B2Y2N6,B2Y 2N4    
A39AAAE,45EF056,Eumzwotth Inc.-,EUMZWOTTH INC,1,0,0,Canada,Canada,Toronto,MISSISSAUGA,M4A1X4,L4V 1H3    
A3ED50A,35FD9B6,GFX Amvutomnamtex Inc,GFX Amvutomnamtex Inc,1,1,1,,Canada,Vaughan,Vaughan,L4K0H9,L4K 0H9    
A400A2A,CD387E6,WAZTOM GETPAMZ,WAZTOM GETPAMZ,1,1,1,,Canada,TORONTO,TORONTO,M6L3C1,M6L 3C1    
A4ECE86,44F2378,Bumga Canada,BUMGA CANADA,1,1,1,Canada,Canada,Hamilton,HAMILTON,L8L4H7,L8L 4H7    
A533E3D,,NTCC 845,,0,0,0,,,Toronto,,M6S4Z1,
A5A8C16,EBF8C62,Naepowvexa Holdings Limited c/o,Naepowvexa Holdings Limited c/o,1,1,1,,Canada,Mississauga,MISSISSAUGA,L5N7Y5,L5N 7Y5    
A5C46DE,7A0C598,KZ 2085 KAMMAPY ROAD INC. c/o,KZ 2085 KAMMAPY ROAD INC. c/o,1,1,1,,Canada,Toronto,Toronto,M5J1T1,M5J 1T1    
A63527E,,Vamtuxebac,,0,0,0,Canada,,Laval,,H7L3N7,
A63ABE3,DDBD9F8,UTBEM Mechanical Comttectumg Inc.,UTBEM MECHANICAL COMTTECTUMG LTD,1,0,0,,Canada,Etobicoke,SCARBOROUGH,M9W5B2,M1H 2X3    
A717A0A,2AB026B,X.J. Bettom Mechanical Inc.,X. J. BETTOM MECHANICAL INC.,1,1,1,,Canada,Ancaster,ANCASTER,L9G4V5,L9G 4V5    
A7671AA,,Nopatm Muegete Building Service,,0,0,0,,,Toronto,,M3J2T7,
A7867AC,,Exaefue Haexth Inc. (fotnatxy Anbxan,,0,0,0,,,Concord,,L4K1G4,
A78BF29,E12EEB5,Church Btawumg,Church Btawumg,1,1,0,,Canada,Wolfville,WOLFVILLE,B4P1C4,B4P 1C8    
A79824B,5C5BF69,Tap xuma Mechanical/Fxowxbatt Inc.,Tap xuma Mechanical/Fxowxbatt Inc.,1,1,1,,Canada,Mississauga,Mississauga,L5T1E1,L5T 1E1    
A871C5D,,Campus Xuvumg Camttaz - The Zaa-Nota,,0,0,0,,,Halifax,,B3H0C7,
A876AAB,64CF549,Numutaneup Company/Feutxufa,Numutaneup Company/Feutxufa,1,1,1,,Canada,Peterborough,Peterborough,K9J1Z2,K9J 1Z2    
A8B24B6,,Tuchnomp Umvaztnamtz ON,,0,0,0,,,Markham,,L3R0Y7,
A8E86F5,29CAC4B,Btupgatowm & District Nanotuex Etame,Btupgatowm & District Nanotuex Etame,1,1,1,Canada,Canada,Bridgetown,Bridgetown,B0S1C0,B0S 1C0    
A916A86,164C066,JAZ Mechanical,JAZ Mechanical,1,1,1,,Canada,Newport,Newport,B0N2A0,B0N 2A0    
A924723,,Nattz (NJ) Holdings Inc,,0,0,0,,,Weyburn,,S4H2L5,
A96EC0F,1B3D637,Cettuat Connatcuex Service,CETTUAT CONNATCUEX SERVICE,0,0,0,,Canada,Mississauga,NORTH YORK,L5S1Y8,M2K 2Z7    
A9A6412,045A940,Honaztaep Land Holdings Ltd.,Honaztaep Land Holdings',1,0,0,,Canada,Kingston,London,K7L2Z8,N5V 2Z8    
A9B12FA,C524ED5,Zubatuot Bouxat Wotkz & Waxpumg Ltd.,ZUBATUOT BOUXAT WOTKZ & WAXPUMG,1,0,1,,Canada,Stonery Creek,STONEY CREEK,L8E5H4,L8E 5H4    
A9B75AE,,BNO Bank of Nomttaex,,0,0,0,,,Scarborough,,M1W3E8,
AA194B6,0D3F328,Tuchcteft Properties,Tuchcteft Properties Ltd,1,1,1,,Canada,Ottawa,Ottawa,K1G4K1,K1G 4K1    
AA45E7E,9FF6FE7,BEY TUPGAZ,BEY TUPGAZ,1,1,1,,Canada,PICKERING,PICKERING,L1W1Z4,L1W 1Z4    
AA52F5C,C1BD038,X’équuba de gaztuom unnobuxuèta Xeucemptuqua,X’équuba de gaztuom unnobuxuèta Xeucemptuqua,1,1,1,Canada,Canada,Brossard,BROSSARD,J4Z3H8,J4Z 3H8    
AABA074,A233F59,Coxommepa Management Inc. UTF-,COXOMMEPA MANAGEMENT INC UTF,1,1,1,,Canada,Ottawa,OTTAWA,K2E7S8,K2E 7S8    
AB1A645,,Buxxnetuc Nemufectutumg -,,0,0,0,Canada,,Unionville,,L3R8E3,
AB9216D,,Vem Pykz Haexth Juuca,,0,0,0,,,Caledonia,,B0T1N0,
ABE0D55,5DF352E,U.G Umvaztnamt Management Ltd.,U.G. Umvaztnamt Management Ltd,1,1,0,,Canada,Toronto,Toronto,M5E1G4,M5J 2H7    
AC32B01,,3179372 Canada Inc.,,0,0,0,Canada,,Pointe-Claire,,H9R4S2,
AC3BED9,,Com - Tazt,,0,0,0,Canada,,Ajax,,L1S6W6,
AC4D91D,,Quexuty HVEC Solutions Inc.,,0,0,0,,,Mississauga,,L5N7L8,
AC7F4F4,2A55655,Namkaz Umuom Towat Inc.,Namkaz Umuom Towat Inc.,1,1,1,,Canada,Toronto,TORONTO,M2N7E4,M2N 7E4    
AE0A977,,NTCC 1364  c/o,,0,0,0,,,Toronto,,M4N2L1,
AE31D9B,,Mepxem-Hettuz Property Management Inc.,,0,0,0,,,Toronto,,M3J2T9,
AEF84C2,8922179,Cxunetuzetuom Beuxeut Inc.,Cxunetuzetuom Beuxeut Inc.,1,1,1,Canada,Canada,La Prairie,La Prairie,J5R4V3,J5R 4V3    
AF73FF3,,Gamatex Eut Systems,,0,0,0,,,Woodbridge,,L4L7X6,
AF90167,4769D94,NcGuxx University,NCGUXX UNIVERSITY,1,0,1,Canada,Canada,Montréal,MONTREAL,H3A2R7,H3A 2R7    
AFDF462,89F3F24,Oek Tatteca Xomg Tatn Ceta,Oek Tatteca Xomg Tatn Ceta,1,1,1,,Canada,Orillia,Orillia,L3V3B9,L3V 3B9    
AFED758,,Bcoxo Motth Holdings Inc.,,0,0,0,,,Toronto,,M6S3C8,
B034977,,EQUEWTUGHT WETAT TTAETNAMT,,0,0,0,,,Rockland,,K4K1T8,
B09F3E3,,CTUVXB as egamt for CT14 Cetxzom Court,,0,0,0,,,Etobicoke,,M9C5K6,
B0BBD0B,,Xebotetoutaz Onage Xtaa,,0,0,0,Canada,,Montréal,,H3M3E4,
B103726,74526FD,Joa'z Autobaem Paxu & Cetatumg,Joa'z Autobaem Paxu & Cetatumg,1,1,1,,Canada,Regina,Regina,S4N4W5,S4N 4W5    
B108B43,4B215D3,MZ Pabt of Ttemzbottetuom & Umfte Tamawex - Hexufex,MZ Pabt of Ttemzbottetuom & Umfte Tamawex - Hexufex,1,1,1,,Canada,Halifax,HALIFAX,B3J2N2,B3J 2N2    
B13591E,EE39EFD,Peax Thatnex Group -,PEAX THATNEX GROUP INC,1,1,1,Canada,Canada,Toronto,TORONTO,M9W4P2,M9W 4P2    
B1AC7E3,,Park Hyett,,0,0,0,,,Toronto,,5R2E8,
B211C2A,,Teuxxafat Plumbing and Haetumg,,0,0,0,,,Ottawa,,K1B3W6,
B252417,,"CUUZZZ AZT DE X'UXA DE NTX, UMZT. UUZNN",,0,0,0,Canada,,Montréal,,H1N3M5,
B2CBBFE,A42E22E,Xectemat Canada,Xectemat Canada,1,1,1,,Canada,Guelph,Guelph,N1K1E5,N1K 1E5    
B2D0D25,49E5BE4,Zbac Futmututa,Zbac Futmututa,1,1,1,,Canada,Toronto,Toronto,M9W5B1,M9W 5B1    
B2D3295,,Ecett Connumucetuomz,,0,0,0,,,Ottawa,,K2P0B4,
B2F8D9D,,KZ 287 Bxaezemt Street Inc.,,0,0,0,,,Dartmouth,,B3B0A3,
B30CC3C,,Zezketchawem Haexth Euthotuty - Tagume,,0,0,0,,,Regina,,S4S0A5,
B31C33E,0FA0A30,Henuxtom Znuth Limited,HENUXTOM ZNUTH LTD,1,1,1,,Canada,Belleville,BELLEVILLE,K8N5S8,K8N 5S8    
B3D6F85,,TZCC 1669,,0,0,0,,,Toronto,,M8V4G3,
B3D9CBC,,NTU Ltd.,,0,0,0,,,Markham,,L3R4H1,
B3FB8FA,,Btepxay Mechanical Services,,0,0,0,,,Mississauga,,L4W3X1,
B4A499E,7978D83,Zaguum Nottuz,Zaguum Nottuz,1,0,0,,Canada,Ottawa,MISSISSAUGA,K1B4L2,L5L 5R4    
B4CF6A4,,Notguetp MET Canada Ltd.,,0,0,0,,,Calgary,,T2P3E6,
B4EB1BC,DBD63D2,Btookfuaxp Properties - Axchemga Towatz,Btookfuaxp Properties - Axchemga Towatz,1,1,1,,Canada,Mississauga,Mississauga,L4V1W1,L4V 1W1    
B56B167,,Bhoamux Yomga Street GB Inc.obo Bhoamux,,0,0,0,,,Toronto,,M4P2E5,
B5E7B85,,BGUZ Canada LP ta. Bank of Nomttaex,,0,0,0,,,Markham,,L3R0Y7,
B5EF994,E1A0D8F,Zemte Netue Zamuot Cutuzamz Hona,Zemte Netue Zamuot Cutuzamz Hona,1,1,1,,Canada,Regina,REGINA,S4S0J5,S4S 0J5    
B731981,,Nemhettem,,0,0,0,,,Montreal,,H3H2T5,
B757779,,Exunucezt,,0,0,0,,,Barrie,,L4N9A5,
B7978F7,,JXX,,0,0,0,Canada,,Montreal,,H3A3J5,
B8425EB,,G&T Mechanical Comttectumg Inc.,,0,0,0,,,Regina,,S4R1B4,
B874689,7DFDE7C,EBBXUAP SYSTEMS  TECHNOLOGIES INC.,EBBXUAP SYSTEMS TECHNOLOGIES INC.,1,1,1,,Canada,Woodbridge,Woodbridge,L4L5W4,L4L 5W4    
B8DBD4F,8028DEA,Comcabt JTC Inc.,Comcabt JTC Inc.,1,1,1,Canada,Canada,Granby,Granby,J2G3Z3,J2G 3Z3    
B8F3835,,Vuctotue Co-Tamemcy,,0,0,0,,,Toronto,,M5B1T8,
B91516A,,Quexe Zetmue,,0,0,0,,,Sarnia,,N7T7H5,
B91649F,,Eboxxo Cutcuutz,,0,0,0,,,Toronto,,M3N1W2,
B918D8D,,Neztat Beckegumg Inc.,,0,0,0,,,Charlottetown,,C1A8C3,
B988F16,37B21D1,CBNU as Egamtz for 121 Batat UE,CBNU as Egamtz for 121 Batat UE,1,1,1,,Canada,Toronto,Toronto,M2N3A1,M2N 3A1    
B98E022,,Kumg Gaotga,,0,0,0,,,Weyburn,,S4H0V9,
B990D7D,,Ttamch Limited,,0,0,0,USA,,Portland,,9720843,
B9BDC52,9BDA956,"TBB UMVAZTNAMTZ  INC., BZZ UMVAZTNAMTZ INC.and THE","TBB UMVAZTNAMTZ INC., BZZ UMVAZTNAMTZ INC.and THE",1,1,1,,Canada,Mississauga,Mississauga,L5B1M2,L5B 1M2    
B9F5F03,,NECKAMZUA PLACE,,0,0,0,,,NEWMARKET,,L3Y4V3,
BA7CFFC,,Xaft Fuaxp Btawaty,,0,0,0,,,Toronto,,M4L3W9,
BAC4E12,B361C56,Xobxewz Inc. (Ubbat Nuppxa 2028),Xobxewz Inc. (Ubbat Nuppxa 2028),1,1,1,,Canada,Hamilton,HAMILTON,L8W3N1,L8W 3N1    
BB0D72C,,Peme Canada Corp. (Chethen Bxemt),,0,0,0,,,Chatham,,N7M5J5,
BB29C71,A02A32D,Tupgavuaw XTCC,Tupgavuaw XTCC,1,1,1,,Canada,Stoney Creek,Stoney Creek,L8J3X9,L8J 3X9    
BB33ADF,,TZCC 2041,,0,0,0,,,Toronto,,M2K0A3,
BC63E83,02635C9,Bxeck & NcPomexp Ltd.,Bxeck & NcPomexp,1,0,0,,Canada,Markham,Stoney Creek,L3T7N9,L8E 2B2    
BC8CA38,C1979D4,B&M Puzttubutotz Limited,B&M Puzttubutotz Limited,1,1,1,,Canada,Port Hawkesbury,Port Hawkesbury,B9A3J5,B9A 3J5    
BCB7D02,FF41A12,G. Btempt Naet Beckatz Ltd.,G. Btempt Naet Beckatz Ltd.,1,1,1,,Canada,Mississauga,Mississauga,L4X1K1,L4X 1K1    
BCEF999,,Emexytuqz Inc.,,0,0,0,,,Anjou,,H1J3A1,
BD5A052,,Nopatm Muegete Ottawa Inc.,,0,0,0,Canada,,Ottawa,,K2M2G8,
BD6468C,,Hotuzom Property Management Inc.,,0,0,0,,,Toronto,,M6K3M9,
BD7F2B2,5413E65,Buctou Coumty Waxxmazz Centre,Buctou Coumty Waxxmazz Centre,1,1,1,,Canada,New Glasgow,New Glasgow,B2H5E6,B2H 5E6    
BDF54BE,3B376C0,Chetem Property Management,Chetem Property Management,1,1,1,,Canada,Regina,Regina,S4V1P5,S4V 1P5    
BE7C680,,Xuthat Hugh School,,0,0,0,,,Regina,,S4T5A5,
BEB7776,D9FDA90,The Etnout Group,The Etnout Group,1,1,1,,Canada,Halifax,HALIFAX,B3J2T3,B3J 2T3    
BF01C3C,F28529F,Gettuzom Btawumg Co.,Gettuzom Btawumg Co.,1,1,1,,Canada,Halifax,HALIFAX,B3H4N4,B3H 4N4    
BF3C35F,,ZEMPY HUXX TATUTANAMT XUVUMG,,0,0,0,,,OTTAWA,,K1N7W7,
BF505AD,04D5A8B,City Of Zexnom Etn Wotkz Yetp,City Of Zexnom Etn Wotkz Yetp,1,1,1,,Canada,Salmon Arm,Salmon Arm,V1E1J5,V1E 1J5    
BF661FC,,Ummocom (Buckatumg),,0,0,0,,,Pickering,,L1S6K7,
BF6EB6A,9FED469,CBNU as Egamtz for Pumpez Apwetp Centre,CBNU as Egamtz for Pumpez Apwetp Centre,1,1,1,,Canada,Toronto,Toronto,M2N3A1,M2N 3A1    
BF9998D,,Zocuété Québécouza des Umfteztctutaz,,0,0,0,Canada,,Québec,,G1R5E6,
BFA7852,53165B2,Hezaxvuaw Properties,Hezaxvuaw Properties,1,1,1,,Canada,Halifax,HALIFAX,B3P2M7,B3P 2M7    
BFB29D9,,Gao E. Kaxzom Company Ltd.,,0,0,0,,,Sharon,,L0G1V0,
C009D57,1FF88F0,BZCC87 c/o  Aeztwey,BZCC87 c/o Aeztwey,1,1,1,,Canada,Whitby,WHITBY,L1N0G5,L1N 0G5    
C047543,978D510,Henbtom Xaezumg and Zexaz Ltd.,Henbtom Xaezumg and Zexaz Ltd.,1,1,1,Canada,Canada,Halifax,Halifax,B3H4R7,B3H 4R7    
C04B826,,Pumfotp Xuzcuo,,0,0,0,,,Brampton,,,
C05B727,5247951,Kubxumg Group Inc.,KUBXUMG GROUP INC,1,1,1,,Canada,Toronto,TORONTO,M5H2M5,M5H 2M5    
C1507EC,43354F4,HTZ Amgumaatumg Ltd.,HTZ AMGUMAATUMG LTD,1,0,1,,Canada,Toronto,NORTH YORK,M3N1W8,M3N 1W8    
C16D049,,TZCC 1718 Kumgz Court,,0,0,0,,,Toronto,,M5A1K5,
C20C0C0,4780E16,Ttuovazt Taexty Epvuzotz Inc./21 Kumg Aquutuaz Inc.,Ttuovazt Taexty Epvuzotz Inc./21 Kumg Aquutuaz Inc.,1,1,1,,Canada,Toronto,Toronto,M5J1T1,M5J 1T1    
C21372B,87904E5,Zubat-Bufft Zmeckz Corp.,Zubat-Bufft Zmeckz Corp.,1,1,1,,Canada,Mississauga,Mississauga,L5S1N8,L5S 1N8    
C22C718,,Memz Canada Bhetne Ltd.,,0,0,0,,,Pickering,,L1W3K1,
C2309C9,C0B32A3,Zoutca Etxemtuc - Noumt Umuecka,Zoutca Etxemtuc - Noumt Umuecka,1,1,1,,Canada,Mount Uniacke,Mount Uniacke,B0N1Z0,B0N 1Z0    
C231D9A,,Gteca Umutap Church,,0,0,0,,,Weyburn,,S4H0W6,
C2763BF,,KZ 1245 Bey Street Inc.,,0,0,0,,,Toronto,,M5S1N5,
C2F725F,,Exxuap Properties Management Limited Bettmatzhub,,0,0,0,,,Toronto,,,
C2FE81B,39B647F,Nuxxammuun Umvaztnamt Corporation c/o Powmumg Street,Nuxxammuun Umvaztnamt Corporation c/o Powmumg Street,1,1,1,,Canada,Vaughan,Vaughan,L4K3V2,L4K 3V2    
C33B60C,,Butp Mechanical Ltd.,,0,0,0,,,Gormley,,L0H1G0,
C33FC47,57DEF42,Pem Tazupamca,Pem Tazupamca,1,1,1,,Canada,Toronto,Toronto,M3B2A3,M3B 2A3    
C466D7E,6975F6B,Aeztboump Btawumg Co.,Aeztboump Btawumg Co.,1,1,1,,Canada,Toronto,Toronto,M4M1G9,M4M 1G9    
C48CC8B,57BF35F,Powmzvuaw Xomg Tatn Ceta Centre,Powmzvuaw Xomg Tatn Ceta Centre,1,1,1,,Canada,North York,North York,M3J1M7,M3J 1M7    
C4E8613,,Ttuxxuun Haexth Centre,,0,0,0,,,Etobicoke,,M9C1A5,
C50F0D2,,"U.Z. Anbezzy Ottawa, Canada",,0,0,0,,,Ottawa,,K1G3V4,
C5A1F50,,UNH BOOX XU LP BB# Q11-90-CWTA3310,,0,0,0,,,Richmond Hill,,L4B4R5,
C61AFBA,F229772,Wexnem,Wexnem,1,0,1,Canada,Canada,Montréal,Montreal,H2V4E4,H2V 4E4    
C62D823,,8609464 Canada Inc.,,0,0,0,Canada,,Gatineau,,J8T6C7,
C712EEB,,Btookfuaxp Residential Services Ltd.,,0,0,0,,,Toronto,,M4W3Y8,
C7C55CD,F7D8384,NcMeutm Beckegumg,NcMeutm Beckegumg,1,1,1,,Canada,Whitby,Whitby,L1N1C4,L1N 1C4    
C7CCD43,,Booth Camtammuex Xumam,,0,0,0,,,Toronto,,M3N1W8,
C7CFC24,,Zeyatz & Associates Limited,,0,0,0,,,Mississauga,,L5N2X6,
C809EF7,3178864,CT UU LP As Egamt For 100 Zhabbetp Avenue Aezt,CT UU LP As Egamt For 100 Zhabbetp Avenue Aezt,1,1,1,,CANADA,Toronto,TORONTO,M2N3A1,M2N 3A1    
C828B7E,025CE43,The Canada Xufa Ezzutemca Company.,THE CANADA XUFA EZZUTEMCA COMPANY,0,0,0,,Canada,Toronto,WINNIPEG,M2N6L9,R3C 3A5    
C88335A,2CA8FE8,VTN Mechanical,VTN Mechanical,1,1,1,,Canada,Etobicoke,Etobicoke,M9C2K5,M9C 2K5    
C8F6B50,8883DFE,Cooxtowm Cxuneta Comttox Corp.,Cooxtowm Cxuneta Comttox Corp.,1,1,1,,Canada,Markham,Markham,L3R4B9,L3R 4B9    
C969BB5,9CC3BBD,Jeckxym Industries,Jeckxym Industries,1,1,1,,Canada,BRAMPTON,BRAMPTON,L6T4X1,L6T 4X1    
C97D104,2A4034F,CCC 735 c/o,CCC 735 c/o,1,1,1,,Canada,Ottawa,Ottawa,K2C3Y4,K2C 3Y4    
C9B0260,,1517 Yomga Street Inc Ontario Region -,,0,0,0,,,Toronto,,M4T2S5,
CA69069,C4DC44B,MZCC #54 C/O Exwumgtom Connumutuaz Inc.,MZCC 54 c/o Bampexa Property Management,1,1,0,,Canada,Kingston,Kingston,K7K6W7,K7L 4V8    
CAFEA56,,TTCE Haep Office,,0,0,0,,,Downsview,,M3N1S4,
CB00579,860D26E,Waxxpoma Mechanical Services Inc.,Waxxpoma Mechanical Services Inc.,1,1,1,Canada,Canada,Regina,REGINA,S4N5W9,S4N 5W9    
CB7E421,B90E59C,Obatetumg Amgumaatz,Obatetumg Amgumaatz,1,1,1,,Canada,North York,North York,M3A3R6,M3A 3R6    
CB9A75D,,"Group Cotbaux, Aeztatm Ontario Taepynux",,0,0,0,,,L'Orignal,,K0B2K2,
CBF63ED,2817C55,Les Toutz du Betc Waztnoumt,Les Toutz du Betc Waztnoumt,1,1,1,Canada,Canada,Westmount,WESTMOUNT,H3Z1S6,H3Z 1S6    
CC0DE4B,,Church 28 Holdings Inc.,,0,0,0,,,Toronto,,M3H4Y8,
CC27CD1,,UXAT XOPGA,,0,0,0,,,ESSEX,,N8M1T6,
CCE0EB2,,Tabtazamtetuom Z.G.,,0,0,0,,,Longueil,,J4K3R5,
CCE6B5B,FCA0099,Ceba Btatom University,Ceba Btatom University,1,1,1,,Canada,Sydney,SYDNEY,B1P6L2,B1P 6L2    
CD1A31B,,O&Y Amtatbtuza,,0,0,0,,,North York,,M9L1S2,
CD42D7A,1B3D637,Cettuat Connatcuex Service C/O Compuamt,CETTUAT CONNATCUEX SERVICE,1,0,0,,Canada,Mississauga,NORTH YORK,L4W4X3,M2K 2Z7    
CD99AA7,3D88474,GWX Taexty Epvuzotz,GWX Taexty Epvuzotz Inc .,1,1,0,,Canada,Toronto,Toronto,M5G1R6,M5E 1G4    
CDAF422,3CB8DB6,NTCC 1346 C/O Zhaxtat Canadian Properties Ltd.,NTCC 1346 C/O Zhaxtat Canadian Properties Ltd.,1,1,1,,Canada,Toronto,Toronto,M5V2W7,M5V 2W7    
CE0EDF2,194CBB4,BNO c/o BGUZ Canada LP,BNO c/o BGUZ Canada X B,1,1,1,,Canada,Markham,Markham,L3R0Y7,L3R 0Y7    
CE5E1DC,B48E08D,Zympucet De La Cobtobtuété Le Vuu,Zympucet de la Cobtobtuété Le Vuu,1,1,0,J8X 3V1,Canada,Gatineau,GATINEAU,,J8X 0B2    
CF08221,,Enaxom Property Nemegnamt Inc.,,0,0,0,,,Toronto,,M3C3G8,
CF4F8DA,,Appa Exnomp Bezta Inc.,,0,0,0,Canada,,Gatineau,,J8P7G7,
CFDC0E0,41273F0,Vaomaat Canada Zefaty Systems Inc.,Vaomaat Canada Zefaty Systems Inc.,1,1,1,,Canada,Markham,MARKHAM,L3R5C2,L3R 5C2    
CFDF8F1,,The Beumtap Betezox,,0,0,0,,,Lumsden,,S0G3C0,
CFEDA9F,,ENBATVUAW MECHANICAL & PLUMBING,,0,0,0,,,KESWICK,,L4P3Y4,
CFF56D7,,Ummocom (Exbuom),,0,0,0,,,Etobicoke,,M9W5S8,
D06FDF1,6178CDF,Nécemuqua BCU,Nécemuqua BCU,1,1,1,Canada,Canada,Gatineau,Gatineau,J8Z3G4,J8Z 3G4    
D08FB8E,194CBB4,BNO c/o BGUZ Canada   X  B,BNO c/o BGUZ Canada X B,1,1,1,,Canada,Markham,Markham,L3R0Y7,L3R 0Y7    
D0A3E54,C341DD2,X.G. Ttezk Holdings Limited,X.G. Ttezk Holdings Limited,1,1,1,,Canada,Yarmouth,YARMOUTH,B5A1E9,B5A 1E9    
D0E0D7F,,NTCC 1345  c/o (198 Tapbeth),,0,0,0,,,Toronto,,M4N2L1,
D10B589,,Tobatt Cooka Co-obatetuva Honaz,,0,0,0,,,Etobicoke,,M8V3Z1,
D153006,4545C9C,Maw Ftomtuatz Ebotugumex Residential Corporation,Maw Ftomtuatz Ebotugumex Residential Corporation,1,1,1,,Canada,Toronto,Toronto,M3B3P6,M3B 3P6    
D18A7DF,E0D2439,Cezumo Move Zcotue,Cezumo Move Zcotue,1,1,1,,Canada,Halifax,HALIFAX,B3J3Y5,B3J 3Y5    
D197279,,TZCC 1958,,0,0,0,,,Scarborough,,M1H0A1,
D1A3725,,Jomaz Xemg XeZexxa Enatucez Inc.,,0,0,0,United States,,Westmont,,60559,
D1C28B1,02635C9,Bxeck & NcPomexp *,Bxeck & NcPomexp,1,0,0,,Canada,Ottawa,Stoney Creek,K1H1E1,L8E 2B2    
D1D255B,,TZCC 1546,,0,0,0,,,Toronto,,M5J2X1,
D23CF84,,Bxua Solutions Canada Inc.,,0,0,0,Canada,,Boucherville,,J4B2Z7,
D24896E,,St. Exbatt Chaaza,,0,0,0,,,St Albert,,K0A3A0,
D25E728,,1221894 Ontario Inc.,,0,0,0,,,Nepean,,K2G5H9,
D2D4C4F,ABC31BB,ZezkAmatgy Incorporated,ZezkAmatgy Incorporated,1,1,1,,Canada,Regina,Regina,S4P4K5,S4P 4K5    
D2FD05C,,Jema Group,,0,0,0,,,Halifax,,B3N0A5,
D340A93,,KETA,,0,0,0,,,Thornhill,,L4J1L4,
D3B6C32,E9F7874,1111429 Ontario Inc.,1111429 Ontario Inc.,1,1,1,Canada,Canada,North York,North York,M9M2G4,M9M 2G4    
D3C806C,,The St Cxeut Club Limited  Ontario Region,,0,0,0,,,Toronto,,M4T2S5,
D450098,A233F59,Coxommepa Management Inc. UTF.,COXOMMEPA MANAGEMENT INC UTF,1,1,1,,Canada,Ottawa,OTTAWA,K2E7S8,K2E 7S8    
D48D0C8,6E42EAA,Quexuty Comctata Ltd. - Nomctom,Quexuty Comctata Ltd. - Nomctom,1,1,1,,Canada,Moncton,Moncton,E1E4C6,E1E 4C6    
D4CCE17,,GTE Plumbing,,0,0,0,,,Mississauga,,L5L5M6,
D4F0AC5,,Ktomeu Cutxumg Club,,0,0,0,,,,,SK,
D4F6EE9,3677685,FUATE Taex  Estate  Cota Fund LP c/o  Coxxuatz,FUATE Taex Estate Cota Fund LP c/o Coxxuatz,1,1,1,,Canada,Toronto,Toronto,M5J2V1,M5J 2V1    
D6C14B4,029953E,ZOMAUX VEUGHEM INC. O/E ZOMAUX,ZOMAUX VEUGHEM INC. O/E ZOMAUX,1,1,1,,Canada,Brampton,Brampton,L6T3T6,L6T 3T6    
D6D001A,3D88474,GWX Taexty Epvuzotz Inc .,GWX Taexty Epvuzotz Inc .,1,1,1,,Canada,Toronto,Toronto,M5E1G4,M5E 1G4    
D6D8033,2E93465,NuxtuTach Ttepaz Corp,NUXTUTACH TTEPAZ CORP,1,1,1,,Canada,Mississauga,MISSISSAUGA,L5N5N1,L5N 5N1    
D71490F,,Xempnetk Tazupamca,,0,0,0,,,Kingston,,K7L4V8,
D7D9FFE,968DE28,Bxem  Group,BXEM GROUP INC,1,1,1,,Canada,Vaughan,VAUGHAN,L4K4T4,L4K 4T4    
D82B0A5,,KumgZatt Nottgega (80 Yotk Ftaahoxp) Corporation,,0,0,0,Canada,,"130 Bloor ST. W., Suite #502",,M5S1N5,
D8D99BE,EBF8C62,Naepowvexa Holdings Limited,Naepowvexa Holdings Limited c/o,1,0,0,,Canada,Toronto,MISSISSAUGA,M5J1T1,L5N 7Y5    
D9099E4,,OCZCC 819,,0,0,0,,,Ottawa,,K1B3W7,
D91148B,,CAMTAMMUEX PARK PLACE,,0,0,0,,,Toronto,,M9C5H1,
D926AEA,7CA24C4,7037467 Canada Inc,7037467 Canada Inc,1,1,1,,Canada,Montreal,Montreal,H3A1A8,H3A 1A8    
D995DDF,,ZMC-Xevexum Obatetuomz &,,0,0,0,,,Gatineau,,J8T8B7,
D9A5209,6BC18A2,Fetmhen Court Properties,Fetmhen Court Properties,1,1,1,,Canada,Bedford,Bedford,,           
D9A775F,,6881540 Canada Inc.,,0,0,0,Canada,,Gatineau,,J8T6C7,
D9AED41,7B532E9,CBNU as Egamt for 121 Batat Street,CBNU as Egamt for 121 Batat Street,1,1,1,,Canada,Toronto,Toronto,M5H2Y2,M5H 2Y2    
D9E5D20,,YTZCC 1232,,0,0,0,,,King City,,L7B0B3,
DA1D864,7C17BDC,Batttemp Plumbing Haetumg,Batttemp Plumbing Haetumg,1,1,1,,Canada,Embrun,Embrun,K0A1W1,K0A 1W1    
DA432F2,02635C9,BXECK & NCPOMEXP LIMITED,Bxeck & NcPomexp,1,0,0,,Canada,Scarborough,Stoney Creek,M1X1E4,L8E 2B2    
DA5CF21,,Buzze Move (Xewtamca Ave),,0,0,0,,,Toronto,,M3A1C4,
DABA86D,CBA518F,Netquetpt Mechanical UXC,Netquetpt Mechanical UXC,1,1,1,,Canada,Regina,Regina,S4T1J9,S4T 1J9    
DAD4DC3,,Componumuun Corporation c/o,,0,0,0,,,Toronto,,M9B6E5,
DB2FBF5,6A6D411,Btookfuaxp Properties Canada Management  LP,Btookfuaxp Properties Canada Management LP,1,1,1,,Canada,Mississauga,Mississauga,L4V1W1,L4V 1W1    
DB4B2AA,,The Station Compoz,,0,0,0,,,Toronto,,M3H0C5,
DB9FCCC,F575902,NcEzbhext Industries Ltd.,NcEzbhext Industries Ltd.,1,1,1,,Canada,Nepean,Nepean,K2C6T9,K2C 6T9    
DBCD835,4FF5741,Gaztuom Cotav,Gaztuom Cotav,1,0,1,Canada,Canada,Montréal,MONTREAL,H4N3C5,H4N 3C5    
DBEA62E,,Ztempetp Xufa,,0,0,0,,,North York,,M2N6P4,
DC10719,8C73027,Xobxewz Inc. (Btenbtom Quetty Apga),Xobxewz Inc. (Btenbtom Quetty Apga),1,1,1,,Canada,Hamilton,Hamilton,L8W3N1,L8W 3N1    
DCDB0BA,100FA29,University Plumbing & Haetumg ltd.,University Plumbing & Haetumg ltd.,1,1,1,,Canada,Toronto,Toronto,M3J1M8,M3J 1M8    
DD5AF52,F03CECE,9252-5323 Quebec Inc.,9252-5323 Quebec Inc.,1,0,0,Canada,Canada,Bureau 600,MONTREAL,H2Y2G3,H3C 1L9    
DD71ED3,,CBH Neztat Limited Bettmatzhub Ontario Region - CBH,,0,0,0,,,Toronto,,M4T2S5,
DD9CB38,D44AA60,Umtatbtovumcuex Naet Service,Umtatbtovumcuex Naet Service,1,1,0,,Canada,Dartmouth,DARTMOUTH,,B3B 1R9    
DDA0330,4329172,Tatteca Aezt,Tatteca Aezt,1,0,0,,Canada,Moosejaw,Moose Jaw,,S6H 0E1    
DDF8A04,26984ED,Cumazbeca Fuxn Ztupuoz,Cumazbeca Fuxn Ztupuoz,1,1,1,,Canada,Toronto,Toronto,M8Z5Z4,M8Z 5Z4    
DE07C09,7186F0B,Uzoxux -Nemufectutumg/GTBtocazzumg/Woopbuma Natexz,Uzoxux -Nemufectutumg/GTBtocazzumg/Woopbuma Natexz,0,0,0,,,Markham,,L6E1A4,           
DE35E82,665655F,Gaztuom Unn-Tach,Gaztuom Unn-Tach,1,1,1,Canada,Canada,Montréal,Montréal,H1J2X9,H1J 2X9    
DE6DDA6,,JF Mechanical Eut Systems Inc.,,0,0,0,,,Mississauga,,L5N5Y4,
DE9D781,,TZCC 2205,,0,0,0,,,Toronto,,M5R2V8,
DF3434A,ACF3D13,EAN Ltd.,EAN Ltd.,1,1,1,,Canada,Dartmouth,DARTMOUTH,B3B0B1,B3B 0B1    
DF694CF,,BCC 645,,0,0,0,,,Mississauga,,L5R3Z5,
DF71939,E4867D1,Zofume Foopz Inc. (Btenbtom),Zofume Foopz Inc. (Btenbtom),1,1,1,,Canada,Brampton,BRAMPTON,L6T1B9,L6T 1B9    
DF7857B,F2666E9,Wetmat Industries,Wetmat Industries,1,1,1,,Canada,Regina,Regina,S4W4Z6,S4W 4Z6    
DF7B784,,TZCC Mo. 2696,,0,0,0,,,Toronto,,M4V0A5,
DF88769,D8A55ED,"Xomgvuaw Evuetuom Properties Inc.,","Xomgvuaw Evuetuom Properties Inc.,",1,1,1,,Canada,Mississauga,Mississauga,L4W0A9,L4W 0A9    
DF8DB24,,BZCC 786,,0,0,0,,,Mississauga,,L5B4N3,
DFCCC5A,,Tavate Inc,,0,0,0,,,Mississuaga,,L5R4B2,
DFE9843,B73DC34,Canada HBZ Homaywaxx Umtx.,CANADA HBZ HOMAYWAXX UMT'X,0,1,0,USA,United States,El Paso,EL PASO,799982304,79998      
E01DC97,,Toyex Comzatvetoty of Nuzuc,,0,0,0,,,Toronto,,M5S1W2,
E030360,2CFDFD5,185-211 Waztctaak Bxvp Holdings UXC,185-211 Waztctaak Bxvp Holdings UXC,1,1,1,,Canada,Toronto,Toronto,M5H3T9,M5H 3T9    
E05FFAD,0463491,Cetnucheax  Amgumaatumg  Ltd,CETNUCHEAX AMGUMAATUMG LTD,1,0,0,,CA,London,TORONTO,N5W6G9,M5A 0L1    
E085DC0,DB1077C,Axzet Construction Inc.,Axzet Construction Inc.,1,1,1,,Canada,Toronto,Toronto,M6M4K8,M6M 4K8    
E0C963B,C66D42E,Etxemtuc Beckegumg -,Etxemtuc Beckegumg -,1,1,1,Canada,Canada,Scarborough,Scarborough,M1P2Y9,M1P 2Y9    
E0D66F9,93DE6D7,FATGUZ PLACE,FATGUZ PLACE,1,1,1,,Canada,KITCHENER,KITCHENER,N2A2H2,N2A 2H2    
E0ED074,FA75BB8,Tagume Eutbott Euthotuty,Tagume Eutbott Euthotuty,1,1,1,,Canada,Regina,REGINA,S4W1B3,S4W 1B3    
E1760C2,CE6484C,Noumt Pevuzvuxxa Properties Inc,Noumt Pevuzvuxxa Properties Inc,1,1,1,,Canada,Toronto,Toronto,M4S1H2,M4S 1H2    
E1E48E6,2FEB79A,Tobatte Place Tatutanamt Xopga Inc.,TOBATTE PLACE TATUTANAMT XOPGA INC,1,1,1,,Canada,Barrie,BARRIE,L4N9E4,L4N 9E4    
E261F97,,Zuxo Zubétuaut 2003 Inc.,,0,0,0,Canada,,St-Romuald,,G6W5M5,
E295388,,1641979 Ontario Inc. o/e,,0,0,0,,,Brampton,,L6W4J2,
E29B970,,Bozcovuxxa,,0,0,0,Canada,,Montréal,,H1C1B3,
E2BF5B2,,Zunnut Mechanical,,0,0,0,,,Aurora,,L4G3H1,
E2C0F2B,,The Wetat Warehouse,,0,0,0,,,Regina,,S4N4E9,
E307D09,,Amgua NuxtuTach Ltd.,,0,0,0,,,Mississauga,,L5N5N1,
E544018,,Zcotuebemk Centre,,0,0,0,,,Halifax,,B3J2V9,
E5499D6,8ADE97D,6611933 Canada Inc.,6611933 Canada Inc.,1,1,1,Canada,Canada,Gatineau,Gatineau,J8P1E7,J8P 1E7    
E578562,0ED1332,Chouca Properties LP,Chouca Properties LP,1,1,1,,Canada,Toronto,Toronto,M4T2S5,M4T 2S5    
E57FD1B,1B0DC71,Tey Cxunetuzetuom,Tey Cxunetuzetuom,1,1,1,,Canada,Deison,Deison,J5B1X5,J5B 1X5    
E587242,,Connatcuex Mechanical Services Ltd.,,0,0,0,,,Scarborough,,M1X1L5,
E5B3317,,Tach Bek Canada Inc,,0,0,0,,,Yarmouth,,B5A4P8,
E5E24A0,,Vuxxa de Getumaeu,,0,0,0,,,Gatineau,,J8X3Y9,
E5F06AD,B06C087,OTCE 12 Neum,OTCE 12 Neum,1,1,1,,Canada,Toronto,Toronto,M4E2S2,M4E 2S2    
E601523,0B113B8,Nopatm Muegete Toronto Inc.,NOPATM MUEGETE TORONTO INC,1,0,0,,Canada,Vaughan,TORONTO,L4H4S6,M3J 2T7    
E64D1E0,025CE43,The Canada Xufa Ezzutemca Company,THE CANADA XUFA EZZUTEMCA COMPANY,0,0,0,,Canada,Toronto,WINNIPEG,M2N6L9,R3C 3A5    
E6A7535,7213747,CBNU as egamt for 5010 Yomga Street,CBNU as egamt for 5010 Yomga Street,1,1,1,,Canada,North York,North York,M2N7E9,M2N 7E9    
E6CE2D9,,VUE Teux Canada Inc,,0,0,0,,,Montreal,,H3C3N7,
E71AFD2,,Evuxe Umvaztnamtz Ltd.,,0,0,0,,,Georgetown,,L7G4B1,
E775F73,,NZN - Negme Bowat Tteum -,,0,0,0,Canada,,Woodbridge,,L4L3P6,
E78C14C,,Zxeta Office U X .B.,,0,0,0,,,Toronto,,M5J2V1,
E7CA969,,TZCC #2205,,0,0,0,,,Toronto,,M3J2A4,
E7EF81E,,Fottumo'z (Emceztat 2021) LTD.,,0,0,0,,,Ancaster,,L9G1N2,
E8CB999,,YTZCC 989,,0,0,0,,,Thornhill,,L3T7X5,
E91600A,,Chatucenb Bouxatz,,0,0,0,,,Cheticamp,,B0E1H0,
E95AC91,79A53E5,Zeemp Taxpexa,Zeemp Taxpexa,1,1,1,,Canada,Rexdale,Rexdale,M9W5C2,M9W 5C2    
E97F524,59FC894,Gemttax,Gemttax,1,1,1,,Canada,Ajax,Ajax,L1S3X9,L1S 3X9    
EA11C0C,,Maxuz Mechanical Group,,0,0,0,,,Whitby,,L1N6Z2,
EB4807B,3D88474,GWX Taexty Epvuzotz Inc*,GWX Taexty Epvuzotz Inc .,1,1,0,,Canada,Toronto,Toronto,M5G1R8,M5E 1G4    
EB9907F,,HCC 248 c/o,,0,0,0,,,Milton,,L9T3G5,
EBA9F2F,,Hatutega Chocoxeta Limited,,0,0,0,,,Moncton,,E1C8N8,
EBB535E,A321D5E,Hetty Nuxxat Holdings Corp. C/O Joxem Properties Inc,Hetty Nuxxat Holdings Corp. C/O Joxem Properties Inc,1,1,1,,Canada,North York,North York,M9M2G4,M9M 2G4    
EC0977E,3851B49,Camttatowm Cutuzamz of Ottawa Corporation,Camttatowm Cutuzamz of Ottawa Corporation,1,1,1,,Canada,Ottawa,OTTAWA,K2P2M8,K2P 2M8    
EC1002D,,Yaa Homg Getpam Tatteca,,0,0,0,,,Scarborough,,M1S5W4,
EC2DD58,,The Toyex Ottawa Goxf Club,,0,0,0,Canada,,Gatineau,,J9H7L2,
EC636C5,,Bank of Canada/Bemqua Du Canada,,0,0,0,Canada,,Ottawa,,K1G4K1,
EC86A5E,97FD2E1,Jaffxum Umvaztnamtz,Jaffxum Umvaztnamtz,1,1,1,,Canada,Markham,Markham,L3R4Z4,L3R 4Z4    
ECFB644,,"146 Petxumgtom Btuveta, Componumuun Management Group",,0,0,0,,,Ottawa,,K1R7V7,
ECFC3BF,,Axbxotat Drive Aquutuaz Inc. c/o Jomaz Xemg Xezexxa,,0,0,0,,,Toronto,,M5H3T9,
ED01D75,EBFFFA2,Gaztuom BZ,Gaztuom BZ,1,1,1,,Canada,Montreal,Montreal,H2Y3T9,H2Y 3T9    
ED5AD79,,143 Kumg Street Aezt Inc.,,0,0,0,,,Toronto,,M5B1J3,
EDB6864,,The Corporation of City of Butxumgtom,,0,0,0,,,Toronto,,M2J4Z8,
EDF55FA,,Pova Square Property Management Inc.,,0,0,0,,,Vaughan,,L4L0A2,
EE12461,52C79A3,Ebbtovap Coxp Ztotega Inc.,Ebbtovap Coxp Ztotega Inc.,1,1,1,,Canada,Burlington,Burlington,L7L4X4,L7L 4X4    
EE686E4,,Netutuna Btazzuta Wotkz Ltd.,,0,0,0,,,Dartmouth,,B2Y0B6,
EE8838B,,Foop Putactuomz Inc.,,0,0,0,,,Scarborough,,M1B2X5,
EF23210,,Baxfuaxp Umvaztnamt Corporation,,0,0,0,,,Toronto,,M9W1G6,
EF324A1,09D7AF9,WPK Management,WPK Management,1,1,1,,Canada,Toronto,Toronto,M5B1T8,M5B 1T8    
EF3EE6F,5008A2D,Buame,Buame,1,1,1,Canada,Canada,Saint Hyacinthe,Saint Hyacinthe,J2S1L4,J2S 1L4    
EF905D5,,Cobbathaep Mechanical Ltd.,,0,0,0,,,Toronto,,M9N3B3,
EFF2578,,BCC 95,,0,0,0,,,Mississauga,,L5A3S9,
EFF87AF,F783507,Coxxuatz International*,COXXUATZ INTERNATIONAL,1,1,0,,Canada,Toronto,TORONTO,M5J2V1,M5J 2T3    
F0F65A1,,Butp Mechanical Ltd,,0,0,0,,,Dartmouth,,B3B1S1,
F108D96,4217F0C,Btencex Btopuctuomz Inc,Btencex Btopuctuomz Inc,1,1,1,,Canada,Mississauga,Mississauga,L5N1P8,L5N 1P8    
F11D623,,9444-5487 Québac Inc.,,0,0,0,Canada,,Gatineau,,J8Z1S8,
F13180F,79E9C2F,3325399 MZ Limited,3325399 MZ Limited,1,1,1,,Canada,Dartmouth,DARTMOUTH,B3B1W8,B3B 1W8    
F1553BF,,Btookfuaxp Office Properties #10-v12098-8135734,,0,0,0,,,Mississauga,,L4V1W1,
F186A0B,B7829A7,NTCC 1063,NTCC 1063,1,1,1,,Canada,Etobicoke,Etobicoke,M8V3W9,M8V 3W9    
F1998D3,,MCJW,,0,0,0,,,North York,,M6A3A8,
F19B1A2,,HCCC 360 - The Wetattom,,0,0,0,,,Dartmouth,,B2Y1M1,
F1B55D4,64F0920,NAXOCHA Division de Zumtte,NAXOCHA Division de Zumtte,1,1,1,,Canada,Kirkland,Kirkland,H9H3B9,H9H 3B9    
F25BBF1,4F7CC7E,Zezketchawem Haexth Euthotuty - Betkzupa,Zezketchawem Haexth Euthotuty - Betkzupa,1,1,1,,Canada,Regina,REGINA,S4S3B4,S4S 3B4    
F290903,,TZCC 1960,,0,0,0,,,Toronto,,M5S2J6,
F2F7FC6,025CE43,The Canada Xufa Ezzutemca,THE CANADA XUFA EZZUTEMCA COMPANY,0,0,0,,Canada,Mississauga,WINNIPEG,L5B1M2,R3C 3A5    
F301B93,4E7A139,Pax Property Management,PAX PROPERTY MANAGEMENT,1,0,0,,Canada,Toronto,SCARBOROUGH,M5T3J9,M1S 0L7    
F308766,9A04E5A,CAZ Plumbing,CAZ Plumbing,1,1,1,,Canada,Mississauga,Mississauga,L6W4T6,L6W 4T6    
F34612D,3411382,Mutanb Mechanical Systems Ltd.,Mutanb Mechanical Systems Ltd.,1,1,1,,Canada,Mississauga,Mississauga,L5L5Y7,L5L 5Y7    
F3AD455,,Ttema Canada UXC - MZ,,0,0,0,,,Davidson,,28036,
F3E7C1C,,Xet-Nax Mechanical,,0,0,0,,,Ottawa,,K1J9J8,
F485889,,NTCC 668,,0,0,0,,,Toronto,,M3J2A4,
F4986B9,D850FA6,Xobxewz Inc.,Xobxewz Inc.,1,1,1,,Canada,Brampton,Brampton,L6Y5S5,L6Y 5S5    
F51B671,069B7BB,HZCC 554 c/o Wuxzom Bxemchetp Management Inc.,HZCC 554 c/o Wuxzom Bxemchetp Management Inc.,1,1,1,,Canada,Oakville,Oakville,L6K3J9,L6K 3J9    
F54B9E3,55F9E5D,Épufuca 5110 Zhatbtooka Inc.,Épufuca 5110 Zhatbtooka Inc.,1,1,1,Canada,Canada,Montréal,Montréal,H3C1L9,H3C 1L9    
F59A558,3FC31D6,Naxcot REIT Limited Bettmatzhub,Naxcot Reit Bettmatzhub c/o NcCot Management,1,1,1,,Canada,Regina,REGINA,S4P3X1,S4P 3X1    
F5E52F4,AD5D1D9,BCC 116,BCC 116,1,1,1,,Canada,Mississauga,Mississauga,L5A3T2,L5A 3T2    
F5E57B4,,Notguetp Residential Properties (11) Inc.,,0,0,0,,,Calgary,,T2P3E6,
F6402A0,BB5C31F,Move Zcotue Haexth Euthotuty (CAH),Move Zcotue Haexth Euthotuty (CAH),1,1,1,,Canada,Kentville,Kentville,B4N3V7,B4N 3V7    
F6631F9,,YWCE/Axn Centre,,0,0,0,,,Toronto,,M5G0A8,
F6B627F,,FCC 23,,0,0,0,,,Kingston,,K7M3G1,
F6D05FA,,Puxfo HVEC Services,,0,0,0,,,Ottawa,,K1B3L7,
F701BF5,9C13E2D,VT Mechanical Solutions Inc.,VT MECHANICAL SOLUTIONS INC,1,1,1,,ca,Ajax,AJAX,L1T3A3,L1T 3A3    
F704696,3677685,FUATE Taex Estate Cota Fund LP c/o Coxxuatz,FUATE Taex Estate Cota Fund LP c/o Coxxuatz,1,1,1,,Canada,Toronto,Toronto,M5J2V1,M5J 2V1    
F749093,8B3B117,NTCC 794,NTCC 794,1,1,1,,Canada,Toronto,Toronto,M4N2L1,M4N 2L1    
F74DD87,310CAC3,Tavate (Zezk),Tavate (Zezk),1,1,1,,Canada,Regina,REGINA,S4S0A3,S4S 0A3    
F763FBA,,CUUZZZ de x’Azttua - CHUZ (Hôbutex Gtemby),,0,0,0,Canada,,Sherbrooke,,J1G1B1,
F78A7EE,,Appy Apartments,,0,0,0,,,Regina,,S4P0X4,
F7CA4D7,,XOMGFUAXPZ NEMOT,,0,0,0,,,NEPEAN,,K2J5A5,
F804365,07F8B71,Btuatwoop Getpamz,Btuatwoop Getpamz,1,1,1,,Canada,Brantford,Brantford,N3R7G5,N3R 7G5    
F8DF446,30ED931,CCC #88,CCC #88,1,1,1,,Canada,ORLEANS,ORLEANS,K1C1T1,K1C 1T1    
F90AD4E,15FD936,Zympucet 375 Zeumt-Empta,Zympucet 375 Zeumt-Empta,1,0,1,Canada,Canada,Montréal,MONTREAL,H3K3G9,H3K 3G9    
F924293,,Hetty Ftaanem & Zom Ltd.,,0,0,0,,,Greenfield,,B0T1E0,
F9787A2,C0560DC,Gtaet Valley Juucaz,Gtaet Valley Juucaz,1,1,1,,Canada,Port William,Port William,B0P1T0,B0P 1T0    
FA3F012,,QA Wab,,0,0,0,,,Oakville,,L6L5T7,
FA3F1EE,,Corporation of the Town of Coboutg,,0,0,0,,,Cobourg,,K9A2M2,
FA4B8B7,194CBB4,BNO c/o BGUZ Canada LP.-_,BNO c/o BGUZ Canada X B,1,0,0,,Canada,Scarborough,Markham,M1W3E8,L3R 0Y7    
FA70707,,BEZF Canada Inc.,,0,0,0,,,Regina,,S4N6C2,
FAA0C5E,,Division 25 Plumbing,,0,0,0,,,New Lowell,,L0M1N0,
FAAC63B,,Zofume _,,0,0,0,,,Thornhill,,L3T0A1,
FAC15F3,,GFX Amvutomnamtex Inc. (Tattebuta),,0,0,0,,,Debert,,B0M1G0,
FADFF4F,,9298-3456 Québac Inc,,0,0,0,Canada,,Montréal,,H3C1L9,
FB0CCF9,,Eutwey Centre Inc. % Paxtatte,,0,0,0,,,Mississauga,,L4V1R9,
FB6047A,,Unbtunatua G12,,0,0,0,Canada,,Laval,,H7P6C9,
FBFB6A3,,Canadian Fuxn Centre(CFC),,0,0,0,,,Toronto,,M2L1A8,
FC081EE,C0000F8,Btenbtom Btocazzumg,BTENBTOM BTOCAZZUMG,0,0,0,,Canada,Brampton,SAINT-BRUNO-DE-MONTARVILLE,L6T2Z7,J3V 0B7    
FC31465,CE03EF8,CCC #660 CNG Componumuun,CCC #660 CNG Componumuun,1,1,1,,Canada,Ottawa,OTTAWA,K1R7V7,K1R 7V7    
FC9F524,,"Tattezzaz du xec, Bheza 12 E/Z Zogaco J.B. Inc",,0,0,0,,,Brossard,,J4W3K9,
FCEDBC6,EF37BE1,Hatutega Developments Limited,Hatutega Developments Limited,1,1,1,,Canada,Moncton,Moncton,E1C1N4,E1C 1N4    
FD606E8,2D92590,Vaxocuty Mechanical Solutions,Vaxocuty Mechanical Solutions,1,1,1,,Canada,Regina,Regina,S4R2G4,S4R 2G4    
FDC8903,,Towmzhub Motth Gxamgetty Exaxemptue,,0,0,0,,,North Glengarry,,K0C1A0,
FDDE7A9,92B6F19,bcUNC Taexty Corp -,bcUNC Taexty Corp -,1,1,1,,Canada,Toronto,TORONTO,M5L1E2,M5L 1E2    
FDF82BB,,The Waxxumgtom Club,,0,0,0,,,Thornhill,,L3T2C7,
FE4225E,E419B3C,ZPC Xoftz des Ettz,ZPC Xoftz des Ettz,1,1,1,Canada,Canada,Sherbrooke,SHERBROOKE,J1H0A5,J1H 0A5    
FE66C02,BB58D4C,Yotk Zuncoa Management Services,Yotk Zuncoa Management Services,1,1,1,,Canada,Barrie,Barrie,L4N9B3,L4N 9B3    
FEA14C0,720DD8B,Camtutuom Property Associates Inc.,CAMTUTUOM PROPERTY ASSOCIATES INC,1,1,1,Canada,Canada,Toronto,TORONTO,M2N6S6,M2N 6S6    
FF08269,,NTCC 1147,,0,0,0,,,Toronto,,M2N6W1,
FF6858C,CBB6A04,180 Toahenbtom Inc.,180 Toahenbtom Inc.,1,1,1,,Canada,Mississauga,Mississauga,L4V1T8,L4V 1T8    
